MeanAmplitude,1.269063793365091
StdAmplitude,0.1677086350679704
MeanSpeed,2.392134448400678
StdSpeed,0.4609944974073808
MeanRMSVelocity,6.162070926349312
StdRMSVelocity,0.9282707898921049
MeanOpeningSpeed,3.9035057663393324
stdOpeningSpeed,0.9098182948478428
meanClosingSpeed,6.254123612827414
stdClosingSpeed,0.8732300769541745
meanCycleDuration,0.5430555555555555
stdCycleDuration,0.09140324102096052
rangeCycleDuration,0.26666666666666705
rate,1.8947368421052633
amplitudeDecay,1.1800090438267667
velocityDecay,1.095782033535514
rateDecay,0.9639175257731959
cvAmplitude,0.13215146152997456
cvCycleDuration,0.16831287349128282
cvSpeed,0.19271262019389854
cvRMSVelocity,0.15064266558873485
cvOpeningSpeed,0.23307722578339138
cvClosingSpeed,0.139624691005971
