MeanAmplitude,1.747300746261122
StdAmplitude,0.10939946162614467
MeanSpeed,1.8114531081762486
StdSpeed,0.25154712280960345
MeanRMSVelocity,5.147618098362783
StdRMSVelocity,0.7124385775788955
MeanOpeningSpeed,3.2105428836954104
stdOpeningSpeed,1.0741499037367437
meanClosingSpeed,4.87973568301657
stdClosingSpeed,0.901092380400998
meanCycleDuration,0.9750000000000001
stdCycleDuration,0.07500000000000001
rangeCycleDuration,0.0
rate,1.0344827586206897
amplitudeDecay,1.1335849268236278
velocityDecay,1.3212670757701266
rateDecay,1.1666666666666665
cvAmplitude,0.06261055050782635
cvCycleDuration,0.07692307692307693
cvSpeed,0.13886482717891516
cvRMSVelocity,0.13840159933494073
cvOpeningSpeed,0.33456955494715956
cvClosingSpeed,0.18466007975332754
