MeanAmplitude,1.694500737960995
StdAmplitude,0.231397925265558
MeanSpeed,5.295842706133299
StdSpeed,0.3614490286855256
MeanRMSVelocity,12.36476024157583
StdRMSVelocity,0.7803007377103615
MeanOpeningSpeed,10.595989158187994
stdOpeningSpeed,0.9474329441352894
meanClosingSpeed,10.615411907202654
stdClosingSpeed,0.6525185850446814
meanCycleDuration,0.31851851851851853
stdCycleDuration,0.02771598064276993
rangeCycleDuration,0.06666666666666682
rate,3.2926829268292686
amplitudeDecay,0.9561931192367888
velocityDecay,0.9860140636404858
rateDecay,1.0333333333333334
cvAmplitude,0.13655817320209657
cvCycleDuration,0.08701528806451024
cvSpeed,0.06825146605410295
cvRMSVelocity,0.06310682313811819
cvOpeningSpeed,0.0894142991268697
cvClosingSpeed,0.06146898403461307
