MeanAmplitude,1.2294312512096894
StdAmplitude,0.3907027489812182
MeanSpeed,3.8161896198595917
StdSpeed,0.8931746504405639
MeanRMSVelocity,9.168344780781808
StdRMSVelocity,2.097165978220612
MeanOpeningSpeed,7.7524165953076105
stdOpeningSpeed,1.6568185714561576
meanClosingSpeed,7.705276526033008
stdClosingSpeed,2.152635941364049
meanCycleDuration,0.3175
stdCycleDuration,0.05176737496832451
rangeCycleDuration,0.21666666666666679
rate,3.2171581769436997
amplitudeDecay,1.6422336052030424
velocityDecay,1.3377517493639972
rateDecay,0.8333333333333334
cvAmplitude,0.3177914573074251
cvCycleDuration,0.16304685029393545
cvSpeed,0.23404881292911914
cvRMSVelocity,0.22873986835841717
cvOpeningSpeed,0.21371640069742875
cvClosingSpeed,0.2793716661681335
