MeanAmplitude,0.6763361625478094
StdAmplitude,0.34635166817554036
MeanSpeed,2.8604184507720043
StdSpeed,1.2426611975398512
MeanRMSVelocity,6.847026652448684
StdRMSVelocity,2.7728909659015897
MeanOpeningSpeed,5.67565233981661
stdOpeningSpeed,2.3792859169574463
meanClosingSpeed,5.902107060913153
stdClosingSpeed,2.6187793204282124
meanCycleDuration,0.23243243243243247
stdCycleDuration,0.057467309671412836
rangeCycleDuration,0.44999999999999973
rate,4.387351778656126
amplitudeDecay,1.5651500681920274
velocityDecay,1.5401368667444062
rateDecay,1.0792804796802131
cvAmplitude,0.5120998807321014
cvCycleDuration,0.24724307649328775
cvSpeed,0.434433359638156
cvRMSVelocity,0.4049773875073099
cvOpeningSpeed,0.41920924230435247
cvClosingSpeed,0.44370244277186055
