MeanAmplitude,1.604772892487217
StdAmplitude,0.10124804285669414
MeanSpeed,5.699087322411229
StdSpeed,0.2751811400744459
MeanRMSVelocity,13.333876649273662
StdRMSVelocity,0.6386341601645955
MeanOpeningSpeed,11.235682621857874
stdOpeningSpeed,0.8307475602423957
meanClosingSpeed,11.612380120929721
stdClosingSpeed,0.6522629279924803
meanCycleDuration,0.2816666666666666
stdCycleDuration,0.013844373104863455
rangeCycleDuration,0.03333333333333344
rate,3.75
amplitudeDecay,1.038151995305403
velocityDecay,1.0683614315765784
rateDecay,1.0125
cvAmplitude,0.06309182023867009
cvCycleDuration,0.049151620490639494
cvSpeed,0.0482851243553186
cvRMSVelocity,0.04789561032870241
cvOpeningSpeed,0.07393832561861984
cvClosingSpeed,0.05616961563434062
