MeanAmplitude,1.4948762213766003
StdAmplitude,0.20717520157907612
MeanSpeed,5.280680911819569
StdSpeed,0.3941981416971178
MeanRMSVelocity,12.410056854883083
StdRMSVelocity,0.8349072788239877
MeanOpeningSpeed,10.340695110715247
stdOpeningSpeed,0.9559395897391674
meanClosingSpeed,10.863672312075101
stdClosingSpeed,1.0573439255727697
meanCycleDuration,0.2819444444444444
stdCycleDuration,0.02401613398026469
rangeCycleDuration,0.0666666666666682
rate,3.7597911227154044
amplitudeDecay,1.1397114716977053
velocityDecay,1.079453157022114
rateDecay,0.9393939393939394
cvAmplitude,0.13859020473835137
cvCycleDuration,0.08518037667877133
cvSpeed,0.07464911216559166
cvRMSVelocity,0.0672766683172342
cvOpeningSpeed,0.09244442269152704
cvClosingSpeed,0.0973284074849643
