MeanAmplitude,1.714598459555143
StdAmplitude,0.28646439357775716
MeanSpeed,4.301478984451134
StdSpeed,0.6439107067593157
MeanRMSVelocity,10.564789231723687
StdRMSVelocity,1.582295773880586
MeanOpeningSpeed,8.154232355947272
stdOpeningSpeed,1.2664339404214775
meanClosingSpeed,9.35077111618795
stdClosingSpeed,1.9590143565926335
meanCycleDuration,0.4000000000000001
stdCycleDuration,0.04276334532872405
rangeCycleDuration,0.10000000000000053
rate,2.4365482233502536
amplitudeDecay,1.2791512025022893
velocityDecay,1.212776913335052
rateDecay,0.9763513513513514
cvAmplitude,0.16707374953088497
cvCycleDuration,0.1069083633218101
cvSpeed,0.14969518834961326
cvRMSVelocity,0.1497706900890467
cvOpeningSpeed,0.15531001388472904
cvClosingSpeed,0.20950297384578367
