MeanAmplitude,1.0984615682368915
StdAmplitude,0.05646485218444367
MeanSpeed,2.655122087889682
StdSpeed,0.16467140275018458
MeanRMSVelocity,6.438619096542263
StdRMSVelocity,0.3401544713758636
MeanOpeningSpeed,4.826326273465805
stdOpeningSpeed,0.45939266547765306
meanClosingSpeed,5.949307510173001
stdClosingSpeed,0.41522044058742513
meanCycleDuration,0.4149122807017544
stdCycleDuration,0.028042749759904884
rangeCycleDuration,0.0833333333333337
rate,2.5054945054945055
amplitudeDecay,1.0458243907376485
velocityDecay,0.9785373682722796
rateDecay,0.9079295154185021
cvAmplitude,0.0514035755252446
cvCycleDuration,0.06758717701118724
cvSpeed,0.06202027526390211
cvRMSVelocity,0.0528303454941972
cvOpeningSpeed,0.09518475118503775
cvClosingSpeed,0.06979307085361114
