MeanAmplitude,1.4701052099866299
StdAmplitude,0.1410664891422791
MeanSpeed,4.036288994027233
StdSpeed,0.5109015174728383
MeanRMSVelocity,9.707163571037825
StdRMSVelocity,1.1149618303159479
MeanOpeningSpeed,7.872808824106008
stdOpeningSpeed,1.2143736373276186
meanClosingSpeed,8.377466201972512
stdClosingSpeed,1.1204498284799775
meanCycleDuration,0.3675925925925926
stdCycleDuration,0.04062483512681539
rangeCycleDuration,0.15000000000000013
rate,2.8421052631578947
amplitudeDecay,0.99383442520826
velocityDecay,1.010320022989417
rateDecay,0.984375
cvAmplitude,0.09595673029657656
cvCycleDuration,0.11051592427446001
cvSpeed,0.12657704099702807
cvRMSVelocity,0.11485969327255743
cvOpeningSpeed,0.15424909513988053
cvClosingSpeed,0.13374566980839178
