MeanAmplitude,1.5292225736875509
StdAmplitude,0.09849261282399047
MeanSpeed,3.6201687987143187
StdSpeed,0.5409162901867522
MeanRMSVelocity,8.784799310033431
StdRMSVelocity,0.9937280460849203
MeanOpeningSpeed,6.49233916839892
stdOpeningSpeed,1.371060450768708
meanClosingSpeed,8.350971244488061
stdClosingSpeed,0.9236559867528139
meanCycleDuration,0.4354166666666667
stdCycleDuration,0.08934075684329823
rangeCycleDuration,0.3166666666666669
rate,2.2535211267605635
amplitudeDecay,1.1035587991472444
velocityDecay,0.8361355276028096
rateDecay,0.623574144486692
cvAmplitude,0.06440698333826347
cvCycleDuration,0.20518451332432128
cvSpeed,0.1494174222977822
cvRMSVelocity,0.11311903789878822
cvOpeningSpeed,0.2111812730675354
cvClosingSpeed,0.11060461827867744
