MeanAmplitude,1.0326138771156808
StdAmplitude,0.20828419085835864
MeanSpeed,4.61725453538203
StdSpeed,0.47231798574119704
MeanRMSVelocity,11.010585422453701
StdRMSVelocity,0.9850735761282503
MeanOpeningSpeed,9.213858808529581
stdOpeningSpeed,1.124666178324016
meanClosingSpeed,9.321627047646142
stdClosingSpeed,1.0595568904553507
meanCycleDuration,0.2222222222222222
stdCycleDuration,0.030089031128281332
rangeCycleDuration,0.08333333333333393
rate,4.850299401197605
amplitudeDecay,1.2347090415352822
velocityDecay,1.0996039448136554
rateDecay,0.8905597326649958
cvAmplitude,0.20170578323055519
cvCycleDuration,0.13540064007726602
cvSpeed,0.1022941191831257
cvRMSVelocity,0.08946604910937854
cvOpeningSpeed,0.1220624498047305
cvClosingSpeed,0.11366651819897745
