MeanAmplitude,1.2859438213999634
StdAmplitude,0.31108562129254297
MeanSpeed,5.10994000809092
StdSpeed,0.8083562170271139
MeanRMSVelocity,12.103514533289967
StdRMSVelocity,1.7304864187846694
MeanOpeningSpeed,10.185258312787694
stdOpeningSpeed,1.8211407975215275
meanClosingSpeed,10.324016679393202
stdClosingSpeed,1.555376441149852
meanCycleDuration,0.2492424242424242
stdCycleDuration,0.034625439036443745
rangeCycleDuration,0.10000000000000075
rate,4.285714285714286
amplitudeDecay,1.045640112166057
velocityDecay,1.0846324498805
rateDecay,1.0463576158940397
cvAmplitude,0.2419122951684426
cvCycleDuration,0.138922734127981
cvSpeed,0.15819289771449133
cvRMSVelocity,0.1429738787048236
cvOpeningSpeed,0.1788016309056263
cvClosingSpeed,0.15065613408533063
