MeanAmplitude,0.9839854652921092
StdAmplitude,0.09480560444915603
MeanSpeed,1.8845670257538978
StdSpeed,0.19111731063299506
MeanRMSVelocity,4.945085791506362
StdRMSVelocity,0.5432162917275372
MeanOpeningSpeed,3.533492202627877
stdOpeningSpeed,0.7315902434834893
meanClosingSpeed,4.3136642490828665
stdClosingSpeed,0.8375950052496283
meanCycleDuration,0.5244444444444445
stdCycleDuration,0.04708804466759354
rangeCycleDuration,0.2666666666666675
rate,1.965065502183406
amplitudeDecay,1.0227974965303948
velocityDecay,0.9763815371316735
rateDecay,0.958904109589041
cvAmplitude,0.09634858216224945
cvCycleDuration,0.08978652584922496
cvSpeed,0.10141178744042863
cvRMSVelocity,0.10984972043570222
cvOpeningSpeed,0.2070445331503496
cvClosingSpeed,0.19417250784590162
