MeanAmplitude,0.8487263415658629
StdAmplitude,0.12068763266744435
MeanSpeed,2.3103398184616406
StdSpeed,0.3478824641054562
MeanRMSVelocity,5.530381090421098
StdRMSVelocity,0.7987618734936585
MeanOpeningSpeed,4.660983682912779
stdOpeningSpeed,0.7126287496492884
meanClosingSpeed,4.669415202639548
stdClosingSpeed,0.8976927595147594
meanCycleDuration,0.3696969696969697
stdCycleDuration,0.037482778414706014
rangeCycleDuration,0.13333333333333375
rate,2.8265524625267666
amplitudeDecay,0.9947862440891974
velocityDecay,1.0488025777147933
rateDecay,1.0616740088105727
cvAmplitude,0.1421985235485692
cvCycleDuration,0.10138784325289332
cvSpeed,0.15057631839505614
cvRMSVelocity,0.14443161518781314
cvOpeningSpeed,0.15289235022679737
cvClosingSpeed,0.19224950460762358
