MeanAmplitude,1.928107508191737
StdAmplitude,0.19178276218196744
MeanSpeed,4.418353583110264
StdSpeed,0.5704630891968547
MeanRMSVelocity,11.34816630598791
StdRMSVelocity,1.1396319089149571
MeanOpeningSpeed,8.172354315792935
stdOpeningSpeed,1.549855094405574
meanClosingSpeed,9.876300283639875
stdClosingSpeed,1.1679749687573195
meanCycleDuration,0.43921568627450985
stdCycleDuration,0.029116161578269604
rangeCycleDuration,0.2166666666666674
rate,2.361111111111111
amplitudeDecay,1.0486174781723474
velocityDecay,1.1065735024662067
rateDecay,1.084900284900285
cvAmplitude,0.09946684060259153
cvCycleDuration,0.06629126073623882
cvSpeed,0.12911214063481127
cvRMSVelocity,0.10042432214917624
cvOpeningSpeed,0.1896460964021721
cvClosingSpeed,0.11826037435213205
