MeanAmplitude,0.922729940735269
StdAmplitude,0.10758545966777104
MeanSpeed,2.110859399971082
StdSpeed,0.21382953959717033
MeanRMSVelocity,5.239441371739536
StdRMSVelocity,0.5041621998321378
MeanOpeningSpeed,4.0405531794515275
stdOpeningSpeed,0.5426744963151802
meanClosingSpeed,4.540476923991156
stdClosingSpeed,0.7835793015046072
meanCycleDuration,0.4388888888888889
stdCycleDuration,0.044790320823880826
rangeCycleDuration,0.23333333333333384
rate,2.1995926680244398
amplitudeDecay,0.9905111103838261
velocityDecay,1.0253404800119397
rateDecay,1.111587982832618
cvAmplitude,0.11659474231652496
cvCycleDuration,0.10205389554808289
cvSpeed,0.1012997547823885
cvRMSVelocity,0.09622441860910678
cvOpeningSpeed,0.1343069803102663
cvClosingSpeed,0.1725764307630987
