MeanAmplitude,1.5520692308941322
StdAmplitude,0.056784031449746655
MeanSpeed,3.552799069222952
StdSpeed,0.20542777070168183
MeanRMSVelocity,8.999985527437676
StdRMSVelocity,0.3609149544720626
MeanOpeningSpeed,6.653766301514662
stdOpeningSpeed,0.6718639505223669
meanClosingSpeed,7.689944150683982
stdClosingSpeed,0.48933521950141046
meanCycleDuration,0.4385964912280702
stdCycleDuration,0.03379186014782144
rangeCycleDuration,0.10000000000000009
rate,2.3651452282157677
amplitudeDecay,1.0049493158234266
velocityDecay,0.9820411074238763
rateDecay,0.9576923076923077
cvAmplitude,0.036586017117956726
cvCycleDuration,0.07704544113703288
cvSpeed,0.05782138722148782
cvRMSVelocity,0.04010172609408809
cvOpeningSpeed,0.10097498470444084
cvClosingSpeed,0.06363313047701218
