MeanAmplitude,1.4297230629941988
StdAmplitude,0.10223231753165012
MeanSpeed,2.0501535678157796
StdSpeed,0.17813928585199115
MeanRMSVelocity,5.748987381186762
StdRMSVelocity,0.48335579416994195
MeanOpeningSpeed,3.3361849366167036
stdOpeningSpeed,0.7538583607578028
meanClosingSpeed,5.951152565871036
stdClosingSpeed,1.401032724886503
meanCycleDuration,0.7015151515151515
stdCycleDuration,0.06833316535624048
rangeCycleDuration,0.3666666666666667
rate,1.2110091743119267
amplitudeDecay,1.086214223108778
velocityDecay,1.1168010019004988
rateDecay,1.0673758865248226
cvAmplitude,0.07150497895553981
cvCycleDuration,0.09740796789442488
cvSpeed,0.08689070352997
cvRMSVelocity,0.0840766837916007
cvOpeningSpeed,0.22596420015081858
cvClosingSpeed,0.23542208158487063
