MeanAmplitude,1.0716135371782862
StdAmplitude,0.09953787210521697
MeanSpeed,3.683988381132393
StdSpeed,0.40126701123336594
MeanRMSVelocity,8.623324676793874
StdRMSVelocity,0.8049461610411864
MeanOpeningSpeed,7.310904466201833
stdOpeningSpeed,0.913755844199141
meanClosingSpeed,7.465299763813808
stdClosingSpeed,0.8415760700103928
meanCycleDuration,0.29166666666666663
stdCycleDuration,0.017078251276599326
rangeCycleDuration,0.04999999999999993
rate,3.625377643504532
amplitudeDecay,1.0924837926813078
velocityDecay,1.04351351276395
rateDecay,0.9529411764705882
cvAmplitude,0.09288597862184031
cvCycleDuration,0.05855400437691198
cvSpeed,0.1089218992352043
cvRMSVelocity,0.09334522254593607
cvOpeningSpeed,0.12498533504621982
cvClosingSpeed,0.11273171830148394
