MeanAmplitude,1.1174993182010104
StdAmplitude,0.17183144778798637
MeanSpeed,3.1498489327358445
StdSpeed,0.3919824682309076
MeanRMSVelocity,7.77313610064756
StdRMSVelocity,0.8682041250253147
MeanOpeningSpeed,5.801759764269501
stdOpeningSpeed,0.970325265559351
meanClosingSpeed,6.974436469970997
stdClosingSpeed,0.7890896688500459
meanCycleDuration,0.3553030303030303
stdCycleDuration,0.04000832098942696
rangeCycleDuration,0.1166666666666667
rate,2.8820960698689957
amplitudeDecay,1.2310001635389032
velocityDecay,1.1751463251613763
rateDecay,0.9699570815450643
cvAmplitude,0.15376425290764978
cvCycleDuration,0.11260337677194794
cvSpeed,0.12444484691221235
cvRMSVelocity,0.11169290152439076
cvOpeningSpeed,0.16724671564913107
cvClosingSpeed,0.11314027624275245
