MeanAmplitude,0.7818896009768749
StdAmplitude,0.11349278772620307
MeanSpeed,2.3956981547426084
StdSpeed,0.23483310176601563
MeanRMSVelocity,5.581861006466423
StdRMSVelocity,0.5598774223617531
MeanOpeningSpeed,4.603712990860822
stdOpeningSpeed,0.5220112036572812
meanClosingSpeed,5.011889814082827
stdClosingSpeed,0.49408410810696735
meanCycleDuration,0.32583333333333325
stdCycleDuration,0.029568658332016946
rangeCycleDuration,0.08333333333333337
rate,3.2258064516129035
amplitudeDecay,0.8811743955894685
velocityDecay,0.9326319957599416
rateDecay,1.0607734806629836
cvAmplitude,0.14515193396153087
cvCycleDuration,0.09074780050746892
cvSpeed,0.09802282533011589
cvRMSVelocity,0.1003030031943023
cvOpeningSpeed,0.11338917189094216
cvClosingSpeed,0.09858239634850881
