MeanAmplitude,1.1550511957546883
StdAmplitude,0.18438909061750078
MeanSpeed,3.0653512773268154
StdSpeed,0.49539790811263873
MeanRMSVelocity,7.287642363645265
StdRMSVelocity,1.1337662160716637
MeanOpeningSpeed,5.69028823763193
stdOpeningSpeed,0.9069485948832188
meanClosingSpeed,6.678334849056127
stdClosingSpeed,1.1935775971021045
meanCycleDuration,0.377536231884058
stdCycleDuration,0.02336886303854653
rangeCycleDuration,0.08333333333333304
rate,2.7655310621242486
amplitudeDecay,1.0652261778944274
velocityDecay,1.129270852043722
rateDecay,1.0847889374090247
cvAmplitude,0.1596371583313452
cvCycleDuration,0.06189833204067987
cvSpeed,0.16161211662001027
cvRMSVelocity,0.15557380007113247
cvOpeningSpeed,0.1593853522015353
cvClosingSpeed,0.17872383222455476
