MeanAmplitude,0.9261095235896494
StdAmplitude,0.08930318162800299
MeanSpeed,2.568391621920807
StdSpeed,0.3141352476009988
MeanRMSVelocity,6.22046137114524
StdRMSVelocity,0.7031597439060365
MeanOpeningSpeed,4.910210073589378
stdOpeningSpeed,0.6474232375322614
meanClosingSpeed,5.426031415395952
stdClosingSpeed,0.7255199778419485
meanCycleDuration,0.3648148148148148
stdCycleDuration,0.04965588028811823
rangeCycleDuration,0.1499999999999999
rate,2.8647214854111405
amplitudeDecay,0.9968378164742033
velocityDecay,0.9416452688645415
rateDecay,0.96875
cvAmplitude,0.09642831582366106
cvCycleDuration,0.1361125652567708
cvSpeed,0.12230815772793577
cvRMSVelocity,0.11303980556293991
cvOpeningSpeed,0.13185245189703118
cvClosingSpeed,0.13371097995919093
