MeanAmplitude,1.1253052227370577
StdAmplitude,0.2916721871308662
MeanSpeed,2.719356051869961
StdSpeed,0.521223181283906
MeanRMSVelocity,6.630332943912231
StdRMSVelocity,1.3315055451217634
MeanOpeningSpeed,5.8897858340418185
stdOpeningSpeed,0.9933339779468572
meanClosingSpeed,5.135088968619832
stdClosingSpeed,1.2123212114137871
meanCycleDuration,0.41031746031746036
stdCycleDuration,0.04783021959783927
rangeCycleDuration,0.16666666666666674
rate,2.50996015936255
amplitudeDecay,0.9644841634867795
velocityDecay,0.9533391455968195
rateDecay,1.0285053929121726
cvAmplitude,0.25919384468992124
cvCycleDuration,0.11656881372007248
cvSpeed,0.19167154699197542
cvRMSVelocity,0.20082031421126614
cvOpeningSpeed,0.16865366686265224
cvClosingSpeed,0.23608572681451032
