MeanAmplitude,0.7843575875774059
StdAmplitude,0.08696668840664415
MeanSpeed,2.535301464337494
StdSpeed,0.17361484331480417
MeanRMSVelocity,5.924514695968678
StdRMSVelocity,0.3427716174948492
MeanOpeningSpeed,4.945891071928985
stdOpeningSpeed,0.5262572805580555
meanClosingSpeed,5.229350097846045
stdClosingSpeed,0.2890019125807402
meanCycleDuration,0.30999999999999994
stdCycleDuration,0.034318767136623324
rangeCycleDuration,0.033333333333333215
rate,3.3707865168539324
amplitudeDecay,0.9474754253075109
velocityDecay,0.9317469572159923
rateDecay,0.954954954954955
cvAmplitude,0.11087632705288475
cvCycleDuration,0.11070570044072042
cvSpeed,0.06847897410108265
cvRMSVelocity,0.05785648868895327
cvOpeningSpeed,0.10640292576294162
cvClosingSpeed,0.05526535939901581
