MeanAmplitude,0.6462871693119137
StdAmplitude,0.18419156718981713
MeanSpeed,0.3383260831029005
StdSpeed,0.09889340884234639
MeanRMSVelocity,0.8056356389999324
StdRMSVelocity,0.24012033930934498
MeanOpeningSpeed,0.5925557023144354
stdOpeningSpeed,0.15607104836441157
meanClosingSpeed,0.8038683965785166
stdClosingSpeed,0.27884382831604443
meanCycleDuration,1.9166666666666667
stdCycleDuration,0.061237243569579415
rangeCycleDuration,0.25000000000000044
rate,0.5128205128205129
amplitudeDecay,1.77844321184493
velocityDecay,1.8438686465706102
rateDecay,1.075221238938053
cvAmplitude,0.28499957284611027
cvCycleDuration,0.031949866210215346
cvSpeed,0.29230205349632576
cvRMSVelocity,0.2980507908108632
cvOpeningSpeed,0.2633862905290102
cvClosingSpeed,0.3468774609163389
