MeanAmplitude,1.0688082294700074
StdAmplitude,0.09429503402539827
MeanSpeed,2.0005107027064746
StdSpeed,0.3427249418204916
MeanRMSVelocity,5.517398352785449
StdRMSVelocity,0.6564442726322673
MeanOpeningSpeed,3.7480330041734917
stdOpeningSpeed,1.2419859282966572
meanClosingSpeed,5.030740805056398
stdClosingSpeed,1.4654724027652346
meanCycleDuration,0.5476190476190477
stdCycleDuration,0.09038215664810623
rangeCycleDuration,0.26666666666666705
rate,1.696969696969697
amplitudeDecay,0.9267886956748852
velocityDecay,1.043197563017275
rateDecay,1.163716814159292
cvAmplitude,0.08822446480614822
cvCycleDuration,0.16504567735741135
cvSpeed,0.17131872444212462
cvRMSVelocity,0.11897713934337596
cvOpeningSpeed,0.33137006182007656
cvClosingSpeed,0.29130349973353586
