MeanAmplitude,1.3800954366644405
StdAmplitude,0.0723767269352765
MeanSpeed,3.43387256004675
StdSpeed,0.25346758003539976
MeanRMSVelocity,8.569948355592429
StdRMSVelocity,0.39811650608045857
MeanOpeningSpeed,6.155234999677599
stdOpeningSpeed,0.727774948139999
meanClosingSpeed,7.840392627995368
stdClosingSpeed,0.47593799807108206
meanCycleDuration,0.40499999999999997
stdCycleDuration,0.046278144589716075
rangeCycleDuration,0.16666666666666696
rate,2.526315789473684
amplitudeDecay,0.9256352917087387
velocityDecay,1.042538903344783
rateDecay,1.2139534883720928
cvAmplitude,0.052443276756427924
cvCycleDuration,0.1142670236783113
cvSpeed,0.07381391580587632
cvRMSVelocity,0.0464549481002021
cvOpeningSpeed,0.1182367445236646
cvClosingSpeed,0.06070333727569584
