MeanAmplitude,1.431896805200605
StdAmplitude,0.47452456143372257
MeanSpeed,4.575538185125937
StdSpeed,1.3312329624451023
MeanRMSVelocity,10.871527518067714
StdRMSVelocity,3.05669518296361
MeanOpeningSpeed,8.579495985552938
stdOpeningSpeed,2.7796231182146633
meanClosingSpeed,10.002965285284729
stdClosingSpeed,2.8767451435123936
meanCycleDuration,0.30902777777777773
stdCycleDuration,0.025900078054127102
rangeCycleDuration,0.08333333333333304
rate,3.3723653395784545
amplitudeDecay,1.6110623272890732
velocityDecay,1.4930150245923481
rateDecay,0.9633027522935781
cvAmplitude,0.3313957819517887
cvCycleDuration,0.08381148853470344
cvSpeed,0.2909456567912921
cvRMSVelocity,0.2811651976121661
cvOpeningSpeed,0.3239844301920866
cvClosingSpeed,0.28758923593830193
