MeanAmplitude,1.1911280252875756
StdAmplitude,0.6820518847959166
MeanSpeed,2.7998374547058393
StdSpeed,1.3474036567286998
MeanRMSVelocity,7.016587003700282
StdRMSVelocity,3.294131770259928
MeanOpeningSpeed,5.121158044838871
stdOpeningSpeed,2.251084901336883
meanClosingSpeed,6.279620109387125
stdClosingSpeed,3.316995293873298
meanCycleDuration,0.4269230769230769
stdCycleDuration,0.2287590511532814
rangeCycleDuration,1.7000000000000006
rate,1.8886198547215498
amplitudeDecay,2.283358270495905
velocityDecay,2.0766398793348384
rateDecay,1.1822660098522169
cvAmplitude,0.5726100556077908
cvCycleDuration,0.5358320117103889
cvSpeed,0.48124352878558896
cvRMSVelocity,0.46947779148505214
cvOpeningSpeed,0.4395655985672104
cvClosingSpeed,0.5282159169015447
