MeanAmplitude,1.3686817677834797
StdAmplitude,0.07958066076849525
MeanSpeed,2.978026234720445
StdSpeed,0.1970382236158552
MeanRMSVelocity,7.427049661342934
StdRMSVelocity,0.39314176488104496
MeanOpeningSpeed,5.555623464074465
stdOpeningSpeed,0.5799636345138964
meanClosingSpeed,6.470014351144228
stdClosingSpeed,0.4420066472384197
meanCycleDuration,0.4606060606060605
stdCycleDuration,0.025890920440356145
rangeCycleDuration,0.10000000000000098
rate,2.2487223168654173
amplitudeDecay,1.0457657938079485
velocityDecay,1.0062111171587558
rateDecay,0.9534883720930233
cvAmplitude,0.058144020503299795
cvCycleDuration,0.05621055095603638
cvSpeed,0.06616403217628192
cvRMSVelocity,0.05293377354500661
cvOpeningSpeed,0.1043921781712244
cvClosingSpeed,0.06831617725241218
