MeanAmplitude,2.567642755915971
StdAmplitude,0.054661115999040374
MeanSpeed,4.313296520233894
StdSpeed,0.1788273773793634
MeanRMSVelocity,11.532133419848627
StdRMSVelocity,0.502318400936987
MeanOpeningSpeed,8.335941225062358
stdOpeningSpeed,0.3471767248166755
meanClosingSpeed,8.940890950207287
stdClosingSpeed,0.39980742875901604
meanCycleDuration,0.5958333333333334
stdCycleDuration,0.013819269959814159
rangeCycleDuration,0.033333333333333215
rate,1.7142857142857142
amplitudeDecay,0.9792275550265033
velocityDecay,0.921199456553755
rateDecay,0.9583333333333334
cvAmplitude,0.021288442822934992
cvCycleDuration,0.023193180352135648
cvSpeed,0.04145956034797864
cvRMSVelocity,0.04355815031348991
cvOpeningSpeed,0.04164817330679756
cvClosingSpeed,0.04471673248064242
