MeanAmplitude,1.1465152014710822
StdAmplitude,0.1394565748113861
MeanSpeed,1.181263135433588
StdSpeed,0.1918290232163784
MeanRMSVelocity,3.4499817057012776
StdRMSVelocity,0.5504061601553334
MeanOpeningSpeed,2.3165477117448443
stdOpeningSpeed,0.5348429002323777
meanClosingSpeed,2.834225109763907
stdClosingSpeed,1.2008263804240942
meanCycleDuration,0.9863636363636362
stdCycleDuration,0.138501756145775
rangeCycleDuration,0.5666666666666678
rate,0.8396946564885497
amplitudeDecay,0.8641583174639488
velocityDecay,0.80621346103632
rateDecay,1.0355750487329434
cvAmplitude,0.12163517294184216
cvCycleDuration,0.14041652696806683
cvSpeed,0.16239313448647213
cvRMSVelocity,0.15953886342230686
cvOpeningSpeed,0.23087929401183335
cvClosingSpeed,0.42368772201165206
