MeanAmplitude,1.5370455060899482
StdAmplitude,0.36705950199417225
MeanSpeed,4.225423760739516
StdSpeed,1.0622180876520952
MeanRMSVelocity,10.04088491538595
StdRMSVelocity,2.3564747221176905
MeanOpeningSpeed,7.730787451388757
stdOpeningSpeed,2.275366403537976
meanClosingSpeed,9.399205351036688
stdClosingSpeed,1.9408387266746923
meanCycleDuration,0.3683333333333333
stdCycleDuration,0.05983774357005415
rangeCycleDuration,0.11666666666666692
rate,2.8301886792452833
amplitudeDecay,1.403810737307374
velocityDecay,1.3731170882771881
rateDecay,0.9906542056074765
cvAmplitude,0.23880848064669588
cvCycleDuration,0.16245541240738684
cvSpeed,0.25138735137566187
cvRMSVelocity,0.2346879525037473
cvOpeningSpeed,0.29432530875353835
cvClosingSpeed,0.20648966100741983
