MeanAmplitude,1.172937820031328
StdAmplitude,0.17151245449680094
MeanSpeed,1.8222962446471263
StdSpeed,0.6368096086892927
MeanRMSVelocity,5.186761151943204
StdRMSVelocity,1.4318391563123656
MeanOpeningSpeed,3.0005833612886312
stdOpeningSpeed,1.072839206790022
meanClosingSpeed,4.977704814576444
stdClosingSpeed,1.7281364079586992
meanCycleDuration,0.7416666666666667
stdCycleDuration,0.2940379794062892
rangeCycleDuration,0.5499999999999998
rate,1.348314606741573
amplitudeDecay,1.0999858893740189
velocityDecay,0.666506114122376
rateDecay,0.6126126126126126
cvAmplitude,0.14622467752998194
cvCycleDuration,0.3964557025702775
cvSpeed,0.3494544921331416
cvRMSVelocity,0.276056505084282
cvOpeningSpeed,0.35754354324263143
cvClosingSpeed,0.3471753493493863
