MeanAmplitude,1.084057091827571
StdAmplitude,0.06483037620063166
MeanSpeed,1.125557672714679
StdSpeed,0.28424282226298847
MeanRMSVelocity,3.5502454159783667
StdRMSVelocity,0.9011551293121537
MeanOpeningSpeed,1.5576959716524106
stdOpeningSpeed,0.3298406716074439
meanClosingSpeed,4.17565421687299
stdClosingSpeed,1.4164745562128873
meanCycleDuration,1.05
stdCycleDuration,0.3601697130829052
rangeCycleDuration,0.9499999999999993
rate,0.6936416184971098
amplitudeDecay,1.0539663804195956
velocityDecay,0.7405949920389022
rateDecay,0.6336996336996337
cvAmplitude,0.05980347039779665
cvCycleDuration,0.3430187743646716
cvSpeed,0.25253510251272754
cvRMSVelocity,0.2538289677824472
cvOpeningSpeed,0.21174906888765174
cvClosingSpeed,0.33922218714595537
