MeanAmplitude,0.7979258754538253
StdAmplitude,0.1811242090001337
MeanSpeed,1.742915920152064
StdSpeed,0.6017309384474976
MeanRMSVelocity,4.166729167395426
StdRMSVelocity,1.5321748381471176
MeanOpeningSpeed,3.291630802374142
stdOpeningSpeed,1.0213641623248129
meanClosingSpeed,3.748047966906275
stdClosingSpeed,1.461579104355566
meanCycleDuration,0.48148148148148145
stdCycleDuration,0.07795394511055255
rangeCycleDuration,0.6166666666666671
rate,1.9708029197080292
amplitudeDecay,1.3912657845829446
velocityDecay,1.740087312918622
rateDecay,1.4
cvAmplitude,0.22699377795853304
cvCycleDuration,0.16190434753730146
cvSpeed,0.3452438132500381
cvRMSVelocity,0.3677164453443137
cvOpeningSpeed,0.31029122755448074
cvClosingSpeed,0.3899574171037056
