MeanAmplitude,0.8007116835405322
StdAmplitude,0.12995867696222785
MeanSpeed,2.3960879969110263
StdSpeed,0.3564964218740367
MeanRMSVelocity,5.65161700647568
StdRMSVelocity,0.8015851761405345
MeanOpeningSpeed,4.67440081638465
stdOpeningSpeed,0.6849394937526898
meanClosingSpeed,4.954020399337089
stdClosingSpeed,0.8748215812011875
meanCycleDuration,0.33492063492063484
stdCycleDuration,0.03208156020858371
rangeCycleDuration,0.08333333333333348
rate,3.134328358208955
amplitudeDecay,0.8945494693087536
velocityDecay,0.8832115601703157
rateDecay,0.979381443298969
cvAmplitude,0.162303959881771
cvCycleDuration,0.09578854469861489
cvSpeed,0.14878269175991138
cvRMSVelocity,0.14183289052001755
cvOpeningSpeed,0.1465299020468781
cvClosingSpeed,0.17658820729083993
