MeanAmplitude,0.8545031257903385
StdAmplitude,0.14163837809609509
MeanSpeed,2.522905064183606
StdSpeed,0.2937228642193005
MeanRMSVelocity,6.162794599712787
StdRMSVelocity,0.6605703034266568
MeanOpeningSpeed,4.831177451870218
stdOpeningSpeed,0.6172882142883801
meanClosingSpeed,5.357814070730437
stdClosingSpeed,0.8429894731517361
meanCycleDuration,0.338095238095238
stdCycleDuration,0.03784640957957576
rangeCycleDuration,0.08333333333333348
rate,3.073170731707317
amplitudeDecay,1.1317384453466208
velocityDecay,1.0491520208608522
rateDecay,0.9405940594059405
cvAmplitude,0.16575524865996522
cvCycleDuration,0.11194008467198467
cvSpeed,0.11642247993756638
cvRMSVelocity,0.10718681155744543
cvOpeningSpeed,0.1277717948549828
cvClosingSpeed,0.15733832156605806
