MeanAmplitude,1.9266254351019492
StdAmplitude,0.1350012389685287
MeanSpeed,2.1771735395253224
StdSpeed,0.4685378635523857
MeanRMSVelocity,5.846133935241468
StdRMSVelocity,1.223645357987149
MeanOpeningSpeed,4.498073361259416
stdOpeningSpeed,1.133890365771827
meanClosingSpeed,4.364858459623476
stdClosingSpeed,0.9883892124773501
meanCycleDuration,0.9153846153846155
stdCycleDuration,0.16178247748048571
rangeCycleDuration,0.5500000000000012
rate,1.092436974789916
amplitudeDecay,1.0547510240292026
velocityDecay,1.3605477211635362
rateDecay,1.241682974559687
cvAmplitude,0.07007134677498171
cvCycleDuration,0.1767371602727995
cvSpeed,0.21520464723934615
cvRMSVelocity,0.2093084714687789
cvOpeningSpeed,0.2520835643850746
cvClosingSpeed,0.2264424428925494
