MeanAmplitude,0.9719567029517607
StdAmplitude,0.08545730886758106
MeanSpeed,3.0831914496423396
StdSpeed,0.19701980419687787
MeanRMSVelocity,7.375790018381084
StdRMSVelocity,0.4069407725594078
MeanOpeningSpeed,6.081862113200766
stdOpeningSpeed,0.4755898561021631
meanClosingSpeed,6.288656844780354
stdClosingSpeed,0.5503917255669044
meanCycleDuration,0.31538461538461526
stdCycleDuration,0.022131636540553928
rangeCycleDuration,0.03333333333333355
rate,3.333333333333333
amplitudeDecay,1.0105504384289676
velocityDecay,0.9889984471353334
rateDecay,0.9908256880733946
cvAmplitude,0.08792295851044961
cvCycleDuration,0.0701734817139515
cvSpeed,0.06390125537605938
cvRMSVelocity,0.05517249969769712
cvOpeningSpeed,0.07819806619257097
cvClosingSpeed,0.08752134822298897
