MeanAmplitude,0.8544150437296806
StdAmplitude,0.08880300021122951
MeanSpeed,2.9170963838120367
StdSpeed,0.30905284154972024
MeanRMSVelocity,6.853458170848517
StdRMSVelocity,0.6955538084664245
MeanOpeningSpeed,5.754670770894432
stdOpeningSpeed,0.768064788330942
meanClosingSpeed,5.961818922842869
stdClosingSpeed,0.6402009952875817
meanCycleDuration,0.2946969696969697
stdCycleDuration,0.031134428163688655
rangeCycleDuration,0.08333333333333309
rate,3.5869565217391304
amplitudeDecay,0.9651724655191519
velocityDecay,1.0635935974612583
rateDecay,1.1085714285714285
cvAmplitude,0.1039342657446525
cvCycleDuration,0.1056489593215142
cvSpeed,0.10594536514623237
cvRMSVelocity,0.10148946577437254
cvOpeningSpeed,0.1334680677503926
cvClosingSpeed,0.10738350217827557
