MeanAmplitude,0.7884991263068734
StdAmplitude,0.17386607811348523
MeanSpeed,1.6487623196233638
StdSpeed,0.28796105132920957
MeanRMSVelocity,4.108828978079521
StdRMSVelocity,0.6526535824615696
MeanOpeningSpeed,3.561706621598441
stdOpeningSpeed,0.7047549463708872
meanClosingSpeed,3.1729761372487832
stdClosingSpeed,0.6764485891031236
meanCycleDuration,0.4764705882352941
stdCycleDuration,0.07277389631331621
rangeCycleDuration,0.7333333333333341
rate,1.9767441860465118
amplitudeDecay,1.0408254460968247
velocityDecay,1.0111475708785638
rateDecay,0.7883211678832117
cvAmplitude,0.22050256279652347
cvCycleDuration,0.15273533794152785
cvSpeed,0.17465285802685626
cvRMSVelocity,0.1588417493021629
cvOpeningSpeed,0.19787001604713966
cvClosingSpeed,0.21319056930874275
