MeanAmplitude,2.3217239913889816
StdAmplitude,0.1464731389750406
MeanSpeed,2.328513226722982
StdSpeed,0.38872624099440845
MeanRMSVelocity,6.33629128832736
StdRMSVelocity,0.8909678692572746
MeanOpeningSpeed,4.864317760502218
stdOpeningSpeed,1.165674156084596
meanClosingSpeed,4.787353810557245
stdClosingSpeed,1.1655715412072774
meanCycleDuration,1.0227272727272727
stdCycleDuration,0.1680657530165097
rangeCycleDuration,0.46666666666666723
rate,0.9691629955947137
amplitudeDecay,1.0299135317478545
velocityDecay,1.16522651376317
rateDecay,1.1469221835075494
cvAmplitude,0.0630880929508819
cvCycleDuration,0.1643309585050317
cvSpeed,0.16694182216069253
cvRMSVelocity,0.14061346436181127
cvOpeningSpeed,0.23963774849368508
cvClosingSpeed,0.24346885300955134
