MeanAmplitude,0.8588291599061705
StdAmplitude,0.22914163846681718
MeanSpeed,1.960556396342627
StdSpeed,0.5506898232172585
MeanRMSVelocity,4.923375180191524
StdRMSVelocity,1.3365554726905764
MeanOpeningSpeed,3.741005536014941
stdOpeningSpeed,0.8738824960555244
meanClosingSpeed,4.3319030053263745
stdClosingSpeed,1.6369610987240055
meanCycleDuration,0.4421568627450981
stdCycleDuration,0.05180331299459963
rangeCycleDuration,0.21666666666666667
rate,2.207792207792208
amplitudeDecay,1.422867564198864
velocityDecay,1.3690027908220384
rateDecay,0.9818181818181818
cvAmplitude,0.2668070079174437
cvCycleDuration,0.11716048615186611
cvSpeed,0.2808844592507299
cvRMSVelocity,0.27147138371010415
cvOpeningSpeed,0.23359561691170785
cvClosingSpeed,0.37788498420007294
