MeanAmplitude,0.6458763180439038
StdAmplitude,0.09969466739650455
MeanSpeed,2.2558780007155828
StdSpeed,0.3529732294169781
MeanRMSVelocity,5.318185479560096
StdRMSVelocity,0.7970515884577035
MeanOpeningSpeed,4.39581952062342
stdOpeningSpeed,0.6570794320918409
meanClosingSpeed,4.674187999186113
stdClosingSpeed,0.8167051378874282
meanCycleDuration,0.28817204301075267
stdCycleDuration,0.028142478125381495
rangeCycleDuration,0.16666666666666696
rate,3.675889328063241
amplitudeDecay,1.0097532590157703
velocityDecay,1.062277781682446
rateDecay,1.0680379746835442
cvAmplitude,0.15435566316851357
cvCycleDuration,0.09765859946494326
cvSpeed,0.15646822625381876
cvRMSVelocity,0.14987284507490198
cvOpeningSpeed,0.14947825519430177
cvClosingSpeed,0.1747266344506545
