MeanAmplitude,0.7179021434925804
StdAmplitude,0.2626946000775823
MeanSpeed,1.5143606846940945
StdSpeed,0.41110815620415536
MeanRMSVelocity,4.015831648020241
StdRMSVelocity,0.9903713077718843
MeanOpeningSpeed,2.90273229018465
stdOpeningSpeed,0.6994785823779502
meanClosingSpeed,3.550064855682312
stdClosingSpeed,1.569531522141478
meanCycleDuration,0.471875
stdCycleDuration,0.15031434077181946
rangeCycleDuration,0.7166666666666659
rate,1.7744916820702403
amplitudeDecay,1.4619170884125798
velocityDecay,1.3046795333426557
rateDecay,0.9496402877697842
cvAmplitude,0.365919787896966
cvCycleDuration,0.31854694733100813
cvSpeed,0.27147307795249614
cvRMSVelocity,0.24661673958870411
cvOpeningSpeed,0.24097247436257882
cvClosingSpeed,0.4421134784704711
