MeanAmplitude,0.7766397156258794
StdAmplitude,0.11866658898754573
MeanSpeed,2.167790797626736
StdSpeed,0.3330163495653598
MeanRMSVelocity,5.18218271132086
StdRMSVelocity,0.7731553812562936
MeanOpeningSpeed,4.111276919657322
stdOpeningSpeed,0.6584124205271119
meanClosingSpeed,4.609570003823275
stdClosingSpeed,0.7410558819009236
meanCycleDuration,0.35892857142857143
stdCycleDuration,0.02015915978794774
rangeCycleDuration,0.06666666666666732
rate,2.916666666666667
amplitudeDecay,0.9656609466811998
velocityDecay,1.0035452652094536
rateDecay,1.0533807829181494
cvAmplitude,0.15279490167704668
cvCycleDuration,0.056164823289804655
cvSpeed,0.15362015095273077
cvRMSVelocity,0.14919492891813302
cvOpeningSpeed,0.1601479135056636
cvClosingSpeed,0.16076464426969897
