MeanAmplitude,0.34621999034641715
StdAmplitude,0.11434096550243648
MeanSpeed,0.6951682756217293
StdSpeed,0.25466583810960547
MeanRMSVelocity,1.8180087424003042
StdRMSVelocity,0.5909814310261173
MeanOpeningSpeed,1.477366383493723
stdOpeningSpeed,0.8134868803992027
meanClosingSpeed,1.4862099236515343
stdClosingSpeed,0.5345880949608961
meanCycleDuration,0.5416666666666666
stdCycleDuration,0.21181931980446034
rangeCycleDuration,0.7166666666666659
rate,1.8591549295774648
amplitudeDecay,1.4082820194990902
velocityDecay,0.8777730010186505
rateDecay,0.700956937799043
cvAmplitude,0.3302552385494275
cvCycleDuration,0.39105105194669604
cvSpeed,0.3663369676670631
cvRMSVelocity,0.32507073109332174
cvOpeningSpeed,0.5506331330454691
cvClosingSpeed,0.35969891362819273
