MeanAmplitude,1.2161834046893119
StdAmplitude,0.20202629060982652
MeanSpeed,2.094611147164239
StdSpeed,0.3839483234735355
MeanRMSVelocity,5.362387896691671
StdRMSVelocity,0.8729308889846903
MeanOpeningSpeed,3.832980309736316
stdOpeningSpeed,0.9272862708331461
meanClosingSpeed,4.80630581588642
stdClosingSpeed,0.8998416713660475
meanCycleDuration,0.5842592592592593
stdCycleDuration,0.0556865739027959
rangeCycleDuration,0.15000000000000036
rate,1.7475728155339807
amplitudeDecay,1.1337945634644304
velocityDecay,1.1476604939843107
rateDecay,1.0163934426229508
cvAmplitude,0.16611498712353873
cvCycleDuration,0.09531141016643355
cvSpeed,0.1833029123297366
cvRMSVelocity,0.16278771804688832
cvOpeningSpeed,0.24192304575051085
cvClosingSpeed,0.18722106038108835
