MeanAmplitude,0.7416002001084223
StdAmplitude,0.17695005138448464
MeanSpeed,2.7790185184441842
StdSpeed,0.56962865118286
MeanRMSVelocity,6.563308163845974
StdRMSVelocity,1.3271063588849714
MeanOpeningSpeed,5.429240197153331
stdOpeningSpeed,1.058627209207697
meanClosingSpeed,5.721516960068125
stdClosingSpeed,1.2832345690440519
meanCycleDuration,0.26458333333333334
stdCycleDuration,0.018201864475112715
rangeCycleDuration,0.050000000000000266
rate,4.022346368715084
amplitudeDecay,1.48421199634201
velocityDecay,1.3707609009965114
rateDecay,0.9197860962566845
cvAmplitude,0.2386057222727481
cvCycleDuration,0.06879444840987482
cvSpeed,0.20497475903894408
cvRMSVelocity,0.20220083009287076
cvOpeningSpeed,0.1949862542023391
cvClosingSpeed,0.22428222759804117
