MeanAmplitude,1.2218248471298725
StdAmplitude,0.13573407046187658
MeanSpeed,2.6879462975287383
StdSpeed,0.2072804326757497
MeanRMSVelocity,6.843929180668591
StdRMSVelocity,0.39697904271865536
MeanOpeningSpeed,4.702338500962091
stdOpeningSpeed,0.7537866737295477
meanClosingSpeed,6.455853957105552
stdClosingSpeed,0.5316282844416852
meanCycleDuration,0.45694444444444443
stdCycleDuration,0.06026881653818649
rangeCycleDuration,0.14999999999999947
rate,2.2641509433962264
amplitudeDecay,1.110685885243426
velocityDecay,1.0266719248214369
rateDecay,0.9101796407185628
cvAmplitude,0.11109126711633233
cvCycleDuration,0.13189528239359963
cvSpeed,0.07711479684929738
cvRMSVelocity,0.058004551514057895
cvOpeningSpeed,0.1603003853455731
cvClosingSpeed,0.08234825136596459
