MeanAmplitude,0.9138776658339813
StdAmplitude,0.15725816162808878
MeanSpeed,1.860477963718525
StdSpeed,0.3073455959934973
MeanRMSVelocity,4.695979779610531
StdRMSVelocity,0.7713244371519045
MeanOpeningSpeed,4.351467088536479
stdOpeningSpeed,0.9380028885846555
meanClosingSpeed,3.284382733759405
stdClosingSpeed,0.4901667458843978
meanCycleDuration,0.4916666666666667
stdCycleDuration,0.035843021946010946
rangeCycleDuration,0.11666666666666736
rate,2.1006564551422318
amplitudeDecay,1.2692237381012634
velocityDecay,1.2374043533887273
rateDecay,0.9489361702127659
cvAmplitude,0.17207791316858478
cvCycleDuration,0.07290106158510701
cvSpeed,0.1651971170780264
cvRMSVelocity,0.1642520780223367
cvOpeningSpeed,0.21556014776159835
cvClosingSpeed,0.14924166445222353
