MeanAmplitude,1.0734864880531565
StdAmplitude,0.19975816619497835
MeanSpeed,2.051178368582104
StdSpeed,0.2650799240799501
MeanRMSVelocity,5.239492334670071
StdRMSVelocity,0.513134136696616
MeanOpeningSpeed,3.4040305508781867
stdOpeningSpeed,0.5502353600369085
meanClosingSpeed,5.213854900988556
stdClosingSpeed,0.5159104091863804
meanCycleDuration,0.5192307692307692
stdCycleDuration,0.06366517445094944
rangeCycleDuration,0.11666666666666725
rate,1.9847328244274807
amplitudeDecay,1.0954826298485922
velocityDecay,1.0679876450317871
rateDecay,0.9782608695652174
cvAmplitude,0.18608354033151725
cvCycleDuration,0.12261441005368041
cvSpeed,0.1292329951115802
cvRMSVelocity,0.09793585025426474
cvOpeningSpeed,0.16164230955417141
cvClosingSpeed,0.09894989772127392
