MeanAmplitude,1.6733700601794381
StdAmplitude,0.08425305120719744
MeanSpeed,5.508294065862148
StdSpeed,0.25775609408740385
MeanRMSVelocity,12.92825113716298
StdRMSVelocity,0.4860717946361911
MeanOpeningSpeed,10.685521987354997
stdOpeningSpeed,0.7879791961989938
meanClosingSpeed,11.449994967095158
stdClosingSpeed,0.8575596635857362
meanCycleDuration,0.30416666666666664
stdCycleDuration,0.01613743060919757
rangeCycleDuration,0.050000000000000044
rate,3.4657039711191335
amplitudeDecay,0.9797428176888247
velocityDecay,1.0045401607095097
rateDecay,1.029197080291971
cvAmplitude,0.05034932392549371
cvCycleDuration,0.05305456638640297
cvSpeed,0.046794178198447424
cvRMSVelocity,0.037597644838361054
cvOpeningSpeed,0.07374269568968839
cvClosingSpeed,0.07489607340878138
