MeanAmplitude,1.2360053189645517
StdAmplitude,0.13282886243551656
MeanSpeed,2.4080204270346326
StdSpeed,0.2770040215006144
MeanRMSVelocity,6.361767888974589
StdRMSVelocity,0.6653469668755869
MeanOpeningSpeed,4.30877060951767
stdOpeningSpeed,0.7330045948197808
meanClosingSpeed,5.664180726599855
stdClosingSpeed,0.8405146053618293
meanCycleDuration,0.5153333333333333
stdCycleDuration,0.045927479065732905
rangeCycleDuration,0.21666666666666679
rate,1.9893899204244034
amplitudeDecay,1.0393007739600386
velocityDecay,1.0573786079338592
rateDecay,1.0681318681318683
cvAmplitude,0.1074662547138489
cvCycleDuration,0.08912188693221133
cvSpeed,0.11503391681844335
cvRMSVelocity,0.10458523141478993
cvOpeningSpeed,0.17011919669166012
cvClosingSpeed,0.14839120535378483
