MeanAmplitude,1.1851595731253886
StdAmplitude,0.1673209683917417
MeanSpeed,4.113004098599755
StdSpeed,0.3736194820141839
MeanRMSVelocity,9.653762654611134
StdRMSVelocity,0.789458321481968
MeanOpeningSpeed,8.08546391887827
stdOpeningSpeed,0.8729289878243648
meanClosingSpeed,8.429896034120528
stdClosingSpeed,0.9026291932011539
meanCycleDuration,0.2877777777777777
stdCycleDuration,0.0268512132746546
rangeCycleDuration,0.08333333333333326
rate,3.673469387755102
amplitudeDecay,1.042877400359936
velocityDecay,1.0270688127623413
rateDecay,0.9806034482758621
cvAmplitude,0.14118011800765273
cvCycleDuration,0.0933053743134716
cvSpeed,0.0908385873336183
cvRMSVelocity,0.0817772665153397
cvOpeningSpeed,0.10796275842456173
cvClosingSpeed,0.10707477168730269
