MeanAmplitude,0.8871727304274867
StdAmplitude,0.16858121390972877
MeanSpeed,2.298129317234388
StdSpeed,0.43754696813780586
MeanRMSVelocity,5.483106655185126
StdRMSVelocity,0.9879920998036785
MeanOpeningSpeed,4.300532681304276
stdOpeningSpeed,0.9015179700219533
meanClosingSpeed,5.063648973951182
stdClosingSpeed,1.0937032187837885
meanCycleDuration,0.39126984126984127
stdCycleDuration,0.070639379206529
rangeCycleDuration,0.3666666666666668
rate,2.6638477801268503
amplitudeDecay,1.0014428638934432
velocityDecay,0.8925070403739513
rateDecay,0.8497217068645639
cvAmplitude,0.19002073455131724
cvCycleDuration,0.18053877849944533
cvSpeed,0.19039266626838827
cvRMSVelocity,0.18018837894925482
cvOpeningSpeed,0.20962937311024896
cvClosingSpeed,0.215991121108533
