MeanAmplitude,1.3091849248854732
StdAmplitude,0.09329264153598452
MeanSpeed,1.7205906876881987
StdSpeed,0.2817994301984434
MeanRMSVelocity,4.208675908675405
StdRMSVelocity,0.7755529390479509
MeanOpeningSpeed,3.19721078930548
stdOpeningSpeed,0.4945389240552965
meanClosingSpeed,3.8063954110129044
stdClosingSpeed,0.8796505448382524
meanCycleDuration,0.7761904761904762
stdCycleDuration,0.10383791660645963
rangeCycleDuration,0.2499999999999999
rate,1.3125
amplitudeDecay,1.0520535338856558
velocityDecay,1.4095784349772558
rateDecay,1.3076923076923077
cvAmplitude,0.07126009455398037
cvCycleDuration,0.13377891096537745
cvSpeed,0.1637806319741691
cvRMSVelocity,0.18427480658448714
cvOpeningSpeed,0.15467823570141384
cvClosingSpeed,0.23109804680123136
