MeanAmplitude,1.6449691702715583
StdAmplitude,0.2262356782831632
MeanSpeed,3.0174974967882457
StdSpeed,0.5712652641543883
MeanRMSVelocity,7.794243417721846
StdRMSVelocity,1.3313049251520792
MeanOpeningSpeed,5.218983332696952
stdOpeningSpeed,1.0828224099698722
meanClosingSpeed,7.882414537673691
stdClosingSpeed,2.362380373169522
meanCycleDuration,0.5616666666666666
stdCycleDuration,0.12338962679253065
rangeCycleDuration,0.3000000000000007
rate,1.5384615384615383
amplitudeDecay,1.2344375744482834
velocityDecay,1.220375481461544
rateDecay,1.021276595744681
cvAmplitude,0.13753186526031688
cvCycleDuration,0.21968479547631573
cvSpeed,0.18931756025064803
cvRMSVelocity,0.17080617755984864
cvOpeningSpeed,0.2074776524358653
cvClosingSpeed,0.29970263069502595
