MeanAmplitude,1.1117334078849728
StdAmplitude,0.1363055208633124
MeanSpeed,2.8781478560492895
StdSpeed,0.3203720419230886
MeanRMSVelocity,6.940732589013788
StdRMSVelocity,0.6760007342142654
MeanOpeningSpeed,5.158972252219099
stdOpeningSpeed,0.6786939327673978
meanClosingSpeed,6.565091695021479
stdClosingSpeed,0.7828575590152385
meanCycleDuration,0.38717948717948725
stdCycleDuration,0.034686536560176125
rangeCycleDuration,0.11666666666666692
rate,2.6943005181347153
amplitudeDecay,0.9669989298154228
velocityDecay,1.0402723857673046
rateDecay,1.0938628158844765
cvAmplitude,0.1226063010219582
cvCycleDuration,0.08958774343356746
cvSpeed,0.11131187761939708
cvRMSVelocity,0.09739616467637442
cvOpeningSpeed,0.1315560347267737
cvClosingSpeed,0.11924548740254529
