MeanAmplitude,1.2149524667730303
StdAmplitude,0.13632087760095946
MeanSpeed,4.82086260923899
StdSpeed,0.4250835807662679
MeanRMSVelocity,11.343926393556815
StdRMSVelocity,0.7373655508015325
MeanOpeningSpeed,9.535288973004558
stdOpeningSpeed,1.115324901199496
meanClosingSpeed,9.801667894831994
stdClosingSpeed,0.8040290444186546
meanCycleDuration,0.2518518518518518
stdCycleDuration,0.014581496062984834
rangeCycleDuration,0.050000000000000044
rate,4.21875
amplitudeDecay,1.0074427775778767
velocityDecay,1.0112350897933267
rateDecay,1.0105263157894737
cvAmplitude,0.11220264276102422
cvCycleDuration,0.05789711672067508
cvSpeed,0.08817583391644729
cvRMSVelocity,0.06500091107963689
cvOpeningSpeed,0.11696812800924043
cvClosingSpeed,0.08202981911298844
