MeanAmplitude,1.5545768045810457
StdAmplitude,0.17725618283653813
MeanSpeed,5.0638218148474525
StdSpeed,0.3681150727615487
MeanRMSVelocity,11.871383463783117
StdRMSVelocity,0.8011220116754088
MeanOpeningSpeed,9.933434357949869
stdOpeningSpeed,0.7954685155866604
meanClosingSpeed,10.364469158064404
stdClosingSpeed,0.9171705030054765
meanCycleDuration,0.3066666666666666
stdCycleDuration,0.02438123139721298
rangeCycleDuration,0.08333333333333337
rate,3.4383954154727796
amplitudeDecay,0.9972450150325308
velocityDecay,0.952401768098446
rateDecay,0.9444444444444445
cvAmplitude,0.11402214565031298
cvCycleDuration,0.07950401542569452
cvSpeed,0.07269510781011519
cvRMSVelocity,0.0674834583618202
cvOpeningSpeed,0.08007990861187256
cvClosingSpeed,0.08849179721779026
