MeanAmplitude,0.9553355959375522
StdAmplitude,0.17208456151854387
MeanSpeed,2.725293801726486
StdSpeed,0.4842749343895305
MeanRMSVelocity,6.417928690575605
StdRMSVelocity,1.1249104803298355
MeanOpeningSpeed,5.194746426943027
stdOpeningSpeed,0.9439730840416195
meanClosingSpeed,5.786282205775487
stdClosingSpeed,1.1367272750355035
meanCycleDuration,0.35166666666666657
stdCycleDuration,0.032015621187164243
rangeCycleDuration,0.11666666666666714
rate,2.977667493796526
amplitudeDecay,1.0569182755255928
velocityDecay,1.1384546839819327
rateDecay,1.0824742268041236
cvAmplitude,0.1801299587813041
cvCycleDuration,0.091039681100941
cvSpeed,0.1776964135326401
cvRMSVelocity,0.1752762510405745
cvOpeningSpeed,0.18171687440711579
cvClosingSpeed,0.19645209732440927
