MeanAmplitude,0.9381193779279213
StdAmplitude,0.16060765125196003
MeanSpeed,4.358192518272035
StdSpeed,0.6171184299646341
MeanRMSVelocity,10.375998088053665
StdRMSVelocity,1.3627921346851974
MeanOpeningSpeed,8.795400326227345
stdOpeningSpeed,1.228466237770089
meanClosingSpeed,8.700177027242361
stdClosingSpeed,1.4832012608296687
meanCycleDuration,0.21428571428571433
stdCycleDuration,0.014805363576331452
rangeCycleDuration,0.0500000000000001
rate,5.04
amplitudeDecay,0.8883232167001375
velocityDecay,0.9476383271940868
rateDecay,1.075098814229249
cvAmplitude,0.1712017201975973
cvCycleDuration,0.06909169668954676
cvSpeed,0.141599625848863
cvRMSVelocity,0.1313408236123558
cvOpeningSpeed,0.13967144100387086
cvClosingSpeed,0.17047943463511217
