MeanAmplitude,0.9481040387241424
StdAmplitude,0.1287666466225079
MeanSpeed,3.2288831578271915
StdSpeed,0.5173526230052573
MeanRMSVelocity,7.60169383519299
StdRMSVelocity,1.1548797853154973
MeanOpeningSpeed,6.458457479708065
stdOpeningSpeed,0.9850600640056446
meanClosingSpeed,6.563114211681562
stdClosingSpeed,1.343522581851163
meanCycleDuration,0.29621212121212115
stdCycleDuration,0.03012256871525915
rangeCycleDuration,0.1500000000000008
rate,3.567567567567568
amplitudeDecay,1.144036745365496
velocityDecay,1.2458592493965208
rateDecay,1.1079545454545454
cvAmplitude,0.13581489094360188
cvCycleDuration,0.10169255934563193
cvSpeed,0.160226492479647
cvRMSVelocity,0.15192400672187523
cvOpeningSpeed,0.15252249737659823
cvClosingSpeed,0.20470809108576118
