MeanAmplitude,1.453297917755463
StdAmplitude,0.0884054220525907
MeanSpeed,3.4977803213818857
StdSpeed,0.35383197106948655
MeanRMSVelocity,8.583721840957919
StdRMSVelocity,0.7630865778586173
MeanOpeningSpeed,6.4649875951834925
stdOpeningSpeed,0.8184170917937986
meanClosingSpeed,7.68371738485171
stdClosingSpeed,0.8216246874278165
meanCycleDuration,0.41904761904761895
stdCycleDuration,0.042190583682546086
rangeCycleDuration,0.16666666666666696
rate,2.47787610619469
amplitudeDecay,1.0127412650799206
velocityDecay,0.9536373755773252
rateDecay,0.9318181818181818
cvAmplitude,0.06083090120236868
cvCycleDuration,0.10068207469698501
cvSpeed,0.10115900329889682
cvRMSVelocity,0.08889926677463945
cvOpeningSpeed,0.12659221378916968
cvClosingSpeed,0.10693062306633408
