MeanAmplitude,0.9437566712729746
StdAmplitude,0.05500109905395128
MeanSpeed,3.069617517906763
StdSpeed,0.19915969352618626
MeanRMSVelocity,7.303027586988058
StdRMSVelocity,0.36199851739933625
MeanOpeningSpeed,6.197566705007167
stdOpeningSpeed,0.48180381246427234
meanClosingSpeed,6.1192873621570305
stdClosingSpeed,0.5703765509175084
meanCycleDuration,0.30833333333333335
stdCycleDuration,0.021408720964441876
rangeCycleDuration,0.04999999999999999
rate,3.409090909090909
amplitudeDecay,0.9297160043252337
velocityDecay,0.9911762623077732
rateDecay,1.0823529411764705
cvAmplitude,0.05827889828822479
cvCycleDuration,0.06943368961440609
cvSpeed,0.06488094766347224
cvRMSVelocity,0.049568280153332
cvOpeningSpeed,0.07774080302758357
cvClosingSpeed,0.09320963654114985
