MeanAmplitude,0.9420888658181458
StdAmplitude,0.11050351819617904
MeanSpeed,2.6078761140701783
StdSpeed,0.2967885590452801
MeanRMSVelocity,6.2865677971102425
StdRMSVelocity,0.627446364620164
MeanOpeningSpeed,4.832621193588107
stdOpeningSpeed,0.6939670540284436
meanClosingSpeed,5.745322480250491
stdClosingSpeed,0.7535449383972326
meanCycleDuration,0.364
stdCycleDuration,0.04868949236402725
rangeCycleDuration,0.10000000000000053
rate,2.873563218390805
amplitudeDecay,1.072453135221578
velocityDecay,1.0556318738571984
rateDecay,0.9926739926739927
cvAmplitude,0.11729627873291294
cvCycleDuration,0.13376234165941553
cvSpeed,0.11380470009446679
cvRMSVelocity,0.0998074601070211
cvOpeningSpeed,0.14360054848685325
cvClosingSpeed,0.13115798825697575
