MeanAmplitude,1.3345575555776048
StdAmplitude,0.11043075253402256
MeanSpeed,5.289528781738967
StdSpeed,0.29014791994830313
MeanRMSVelocity,12.48627993386236
StdRMSVelocity,0.4379312533404116
MeanOpeningSpeed,10.216685252790993
stdOpeningSpeed,0.6723416714892634
meanClosingSpeed,10.994664550728725
stdClosingSpeed,0.6989745392529266
meanCycleDuration,0.25256410256410255
stdCycleDuration,0.019443270369362945
rangeCycleDuration,0.06666666666666643
rate,4.216216216216217
amplitudeDecay,1.0551817909389622
velocityDecay,1.0502255010052681
rateDecay,0.9966777408637872
cvAmplitude,0.0827470887804666
cvCycleDuration,0.07698350704620861
cvSpeed,0.054853264235933535
cvRMSVelocity,0.035072996573843995
cvOpeningSpeed,0.06580820049297233
cvClosingSpeed,0.06357397590694103
