MeanAmplitude,1.3127184939172605
StdAmplitude,0.21138173748149777
MeanSpeed,2.8691324089936137
StdSpeed,0.5265884909676173
MeanRMSVelocity,6.999441718633663
StdRMSVelocity,1.2673984125973874
MeanOpeningSpeed,5.1551613647178405
stdOpeningSpeed,1.170981892692599
meanClosingSpeed,6.614668433875623
stdClosingSpeed,1.1974907278057538
meanCycleDuration,0.46190476190476193
stdCycleDuration,0.05153538290931753
rangeCycleDuration,0.28333333333333144
rate,2.2429906542056073
amplitudeDecay,1.0528722825960803
velocityDecay,1.0474849871214569
rateDecay,0.9893899204244033
cvAmplitude,0.16102594612704602
cvCycleDuration,0.11157144753563589
cvSpeed,0.18353579267271433
cvRMSVelocity,0.18107135733745233
cvOpeningSpeed,0.22714747606289348
cvClosingSpeed,0.18103563916719675
