MeanAmplitude,0.6039987206584988
StdAmplitude,0.11744331100971839
MeanSpeed,1.9463920025561412
StdSpeed,0.37977665745316175
MeanRMSVelocity,4.665403224381775
StdRMSVelocity,0.8436910705285584
MeanOpeningSpeed,3.754721836258006
stdOpeningSpeed,0.7236628957265335
meanClosingSpeed,4.048762677302799
stdClosingSpeed,0.8142731256756949
meanCycleDuration,0.311111111111111
stdCycleDuration,0.026293687924887177
rangeCycleDuration,0.06666666666666665
rate,3.3834586466165413
amplitudeDecay,1.3561938671545122
velocityDecay,1.2915019607684934
rateDecay,0.9645669291338582
cvAmplitude,0.19444297974949007
cvCycleDuration,0.08451542547285167
cvSpeed,0.1951182788227715
cvRMSVelocity,0.18083990385211735
cvOpeningSpeed,0.1927340898434552
cvClosingSpeed,0.20111653622981593
