MeanAmplitude,1.1631147018794281
StdAmplitude,0.25291538944194664
MeanSpeed,4.1839492083655285
StdSpeed,0.6575189931420788
MeanRMSVelocity,9.901574555677072
StdRMSVelocity,1.3843426946637492
MeanOpeningSpeed,8.490154322181612
stdOpeningSpeed,1.260556834105296
meanClosingSpeed,8.370169152063575
stdClosingSpeed,1.557057871413818
meanCycleDuration,0.27898550724637683
stdCycleDuration,0.04745132041665187
rangeCycleDuration,0.18333333333333313
rate,3.8016528925619837
amplitudeDecay,1.2287525348234414
velocityDecay,0.9995221504711098
rateDecay,0.8211805555555556
cvAmplitude,0.2174466448006128
cvCycleDuration,0.17008525240254435
cvSpeed,0.1571527187345901
cvRMSVelocity,0.13981035913828832
cvOpeningSpeed,0.1484727822687428
cvClosingSpeed,0.1860246600906437
