MeanAmplitude,1.2089893952665793
StdAmplitude,0.6004058259523813
MeanSpeed,3.815538613392335
StdSpeed,1.4188857254781253
MeanRMSVelocity,9.167715779244094
StdRMSVelocity,3.3167023774305764
MeanOpeningSpeed,7.327524658434695
stdOpeningSpeed,2.7862365018331974
meanClosingSpeed,8.043013782226323
stdClosingSpeed,3.0415997839553364
meanCycleDuration,0.2992753623188406
stdCycleDuration,0.08603985438587818
rangeCycleDuration,0.23333333333333428
rate,3.4413965087281797
amplitudeDecay,2.2178693791896618
velocityDecay,1.7616949884036004
rateDecay,0.7432432432432432
cvAmplitude,0.49661794247582564
cvCycleDuration,0.28749394443707477
cvSpeed,0.37187036202383406
cvRMSVelocity,0.36178067223022575
cvOpeningSpeed,0.38024252823577576
cvClosingSpeed,0.37816667561564404
