MeanAmplitude,1.4050610124324756
StdAmplitude,0.30365622414224136
MeanSpeed,3.9157339430479032
StdSpeed,0.46318746912764663
MeanRMSVelocity,9.364676614780443
StdRMSVelocity,1.0200159461315734
MeanOpeningSpeed,7.285340365697282
stdOpeningSpeed,0.9774528742624979
meanClosingSpeed,8.540639797590016
stdClosingSpeed,1.1447833432787875
meanCycleDuration,0.3592592592592593
stdCycleDuration,0.07416660886852144
rangeCycleDuration,0.19999999999999996
rate,2.9110512129380055
amplitudeDecay,1.443958867016786
velocityDecay,1.0577613607932148
rateDecay,0.6832579185520362
cvAmplitude,0.21611604154935904
cvCycleDuration,0.206443138087637
cvSpeed,0.11828879997069305
cvRMSVelocity,0.10892164119385216
cvOpeningSpeed,0.13416708419894746
cvClosingSpeed,0.13403952987243656
