MeanAmplitude,1.5880920208127123
StdAmplitude,0.15162495026152567
MeanSpeed,4.093403638701668
StdSpeed,0.26673606122402066
MeanRMSVelocity,9.689268691560292
StdRMSVelocity,0.6930809108789929
MeanOpeningSpeed,7.722975374241978
stdOpeningSpeed,0.46910522610220623
meanClosingSpeed,8.813972695498606
stdClosingSpeed,1.0628245051583585
meanCycleDuration,0.38749999999999996
stdCycleDuration,0.019982631347136348
rangeCycleDuration,0.08333333333333348
rate,2.681564245810056
amplitudeDecay,1.105078716951568
velocityDecay,1.1100951432896213
rateDecay,1.0
cvAmplitude,0.0954761740972233
cvCycleDuration,0.05156808089583574
cvSpeed,0.06516241367016108
cvRMSVelocity,0.07153077625793285
cvOpeningSpeed,0.06074151520239046
cvClosingSpeed,0.12058404783817345
