MeanAmplitude,1.2371963859572064
StdAmplitude,0.06238985730140007
MeanSpeed,2.7714072631551736
StdSpeed,0.2307527947573128
MeanRMSVelocity,6.953250018436423
StdRMSVelocity,0.37116103261855876
MeanOpeningSpeed,5.118238416909514
stdOpeningSpeed,0.3791904838910225
meanClosingSpeed,6.248095041267618
stdClosingSpeed,1.1168065171641148
meanCycleDuration,0.44999999999999996
stdCycleDuration,0.048038446141526144
rangeCycleDuration,0.2833333333333332
rate,2.3008849557522124
amplitudeDecay,1.0213495536199124
velocityDecay,1.0116284172864722
rateDecay,1.0109890109890112
cvAmplitude,0.0504284186484506
cvCycleDuration,0.10675210253672478
cvSpeed,0.08326195785985163
cvRMSVelocity,0.053379503345116555
cvOpeningSpeed,0.07408613139987032
cvClosingSpeed,0.17874352259173323
