MeanAmplitude,0.6037257168664545
StdAmplitude,0.16827138088784616
MeanSpeed,2.3840402438214023
StdSpeed,0.3886169824005163
MeanRMSVelocity,5.613362261675584
StdRMSVelocity,0.8940210240915906
MeanOpeningSpeed,4.7412039317461625
stdOpeningSpeed,0.7747070546564022
meanClosingSpeed,4.82461913585774
stdClosingSpeed,0.860666891521285
meanCycleDuration,0.24904761904761905
stdCycleDuration,0.03160843195290683
rangeCycleDuration,0.15000000000000013
rate,4.294478527607362
amplitudeDecay,1.0298854341623278
velocityDecay,1.0275570715173354
rateDecay,1.024822695035461
cvAmplitude,0.27872157204306763
cvCycleDuration,0.1269172219906393
cvSpeed,0.16300772749439757
cvRMSVelocity,0.1592665825605786
cvOpeningSpeed,0.16339880456715164
cvClosingSpeed,0.17839063919566203
