MeanAmplitude,2.1908329001268494
StdAmplitude,0.38611923482001453
MeanSpeed,5.2211130285883085
StdSpeed,0.9736827696813299
MeanRMSVelocity,12.761853893944432
StdRMSVelocity,2.2024337760263273
MeanOpeningSpeed,9.731615516093418
stdOpeningSpeed,1.774195316131852
meanClosingSpeed,11.469832489178147
stdClosingSpeed,2.378888334313333
meanCycleDuration,0.42463768115942024
stdCycleDuration,0.05198233749119118
rangeCycleDuration,0.28333333333333366
rate,2.446808510638298
amplitudeDecay,1.095000242104744
velocityDecay,1.1354960204435272
rateDecay,1.083011583011583
cvAmplitude,0.17624312415504542
cvCycleDuration,0.12241574357993829
cvSpeed,0.1864895022095692
cvRMSVelocity,0.17257945392020152
cvOpeningSpeed,0.18231251668315712
cvClosingSpeed,0.20740392996652982
