MeanAmplitude,0.8739330372874969
StdAmplitude,0.10511357509134538
MeanSpeed,2.0870414396087344
StdSpeed,0.2739846866749987
MeanRMSVelocity,5.0674804623588185
StdRMSVelocity,0.6531970141846366
MeanOpeningSpeed,4.137496889465694
stdOpeningSpeed,0.5486065401509039
meanClosingSpeed,4.268983953380055
stdClosingSpeed,0.7216836772412705
meanCycleDuration,0.42017543859649126
stdCycleDuration,0.02453005518264836
rangeCycleDuration,0.08333333333333393
rate,2.472885032537961
amplitudeDecay,1.0338957120163315
velocityDecay,1.0144360135005717
rateDecay,0.972972972972973
cvAmplitude,0.12027646353500453
cvCycleDuration,0.05838050711528002
cvSpeed,0.13127898731438875
cvRMSVelocity,0.1288997597596233
cvOpeningSpeed,0.13259382539904452
cvClosingSpeed,0.16905279690027006
