MeanAmplitude,0.8498091184703594
StdAmplitude,0.1974325285134049
MeanSpeed,1.140597079289813
StdSpeed,0.2742932460954075
MeanRMSVelocity,2.924323141077702
StdRMSVelocity,0.5602867788428971
MeanOpeningSpeed,2.0834212058702155
stdOpeningSpeed,0.6382301215934937
meanClosingSpeed,2.6563140466592152
stdClosingSpeed,0.5674982729574193
meanCycleDuration,0.7472222222222222
stdCycleDuration,0.0868249978227099
rangeCycleDuration,0.3333333333333339
rate,1.3636363636363638
amplitudeDecay,1.2237843056639894
velocityDecay,1.0241091998240581
rateDecay,0.8402777777777778
cvAmplitude,0.23232573553550445
cvCycleDuration,0.11619702310845935
cvSpeed,0.24048215717525315
cvRMSVelocity,0.1915953715827774
cvOpeningSpeed,0.30633753740973085
cvClosingSpeed,0.21364125739241893
