MeanAmplitude,1.3027066180259363
StdAmplitude,0.39919989500435415
MeanSpeed,4.528450338912249
StdSpeed,0.8055131290290987
MeanRMSVelocity,10.729114923539399
StdRMSVelocity,1.816259070180432
MeanOpeningSpeed,8.893670031012933
stdOpeningSpeed,1.6586119924447578
meanClosingSpeed,9.332146890761791
stdClosingSpeed,1.823330254509339
meanCycleDuration,0.28484848484848485
stdCycleDuration,0.06321408714995916
rangeCycleDuration,0.19999999999999984
rate,3.7218045112781954
amplitudeDecay,1.6161576295541105
velocityDecay,1.2980362618109338
rateDecay,0.7767929089443997
cvAmplitude,0.30643883241284514
cvCycleDuration,0.22192179531368642
cvSpeed,0.1778783179109757
cvRMSVelocity,0.16928321516955763
cvOpeningSpeed,0.18649353828746132
cvClosingSpeed,0.1953816496731653
