MeanAmplitude,0.19261689156907028
StdAmplitude,0.08954677732790317
MeanSpeed,0.32563229144124833
StdSpeed,0.13961347216904
MeanRMSVelocity,0.8382711255886197
StdRMSVelocity,0.32162226621065637
MeanOpeningSpeed,0.7288998355705674
stdOpeningSpeed,0.35255503495179924
meanClosingSpeed,0.6615253264129293
stdClosingSpeed,0.3028543779252387
meanCycleDuration,0.6222222222222222
stdCycleDuration,0.324132269906996
rangeCycleDuration,1.1500000000000004
rate,1.3636363636363638
amplitudeDecay,1.11594063172149
velocityDecay,1.2669332367526736
rateDecay,1.1484662576687117
cvAmplitude,0.4648957658824677
cvCycleDuration,0.5209268623505293
cvSpeed,0.4287457842436659
cvRMSVelocity,0.3836733204723218
cvOpeningSpeed,0.4836810460738088
cvClosingSpeed,0.4578122194768317
