MeanAmplitude,1.189244824137904
StdAmplitude,0.10829367599046519
MeanSpeed,2.6817663417598827
StdSpeed,0.25179353726078935
MeanRMSVelocity,6.551154597586863
StdRMSVelocity,0.5633924851404138
MeanOpeningSpeed,4.985897943630707
stdOpeningSpeed,0.5148411443215668
meanClosingSpeed,5.934270251259051
stdClosingSpeed,0.9749207205062966
meanCycleDuration,0.4444444444444444
stdCycleDuration,0.03042903097250922
rangeCycleDuration,0.08333333333333348
rate,2.327586206896552
amplitudeDecay,1.0758291728900182
velocityDecay,1.1317887527255686
rateDecay,1.064
cvAmplitude,0.09106087644229892
cvCycleDuration,0.06846531968814576
cvSpeed,0.0938909305184106
cvRMSVelocity,0.0859989604501077
cvOpeningSpeed,0.10325946301794174
cvClosingSpeed,0.16428653890500716
