MeanAmplitude,1.4002275831921263
StdAmplitude,0.13618200573237724
MeanSpeed,3.4775850902058854
StdSpeed,0.48877800209988
MeanRMSVelocity,8.284988532298902
StdRMSVelocity,1.1437401221566514
MeanOpeningSpeed,6.385859888998144
stdOpeningSpeed,1.049793644346328
meanClosingSpeed,7.66895960241492
stdClosingSpeed,0.902440706244564
meanCycleDuration,0.40555555555555556
stdCycleDuration,0.023570226039551594
rangeCycleDuration,0.06666666666666654
rate,2.5592417061611377
amplitudeDecay,1.1923097359925876
velocityDecay,1.2822361770120425
rateDecay,1.0844444444444443
cvAmplitude,0.09725705118729375
cvCycleDuration,0.058118365576976534
cvSpeed,0.1405509827714791
cvRMSVelocity,0.13804969285084678
cvOpeningSpeed,0.16439346659562032
cvClosingSpeed,0.11767446342531125
