MeanAmplitude,1.1860101797818239
StdAmplitude,0.17876236307459475
MeanSpeed,1.475629115587647
StdSpeed,0.2647090413226458
MeanRMSVelocity,4.473152955342183
StdRMSVelocity,0.4982948982976672
MeanOpeningSpeed,2.2395037334732484
stdOpeningSpeed,0.4938923841141231
meanClosingSpeed,4.4849679014918085
stdClosingSpeed,0.6543479797964428
meanCycleDuration,0.8129629629629629
stdCycleDuration,0.11132695085325288
rangeCycleDuration,0.35000000000000053
rate,1.134453781512605
amplitudeDecay,1.1487773235330214
velocityDecay,1.1119613794498429
rateDecay,1.008695652173913
cvAmplitude,0.1507258252264576
cvCycleDuration,0.13693975731379626
cvSpeed,0.1793872447530485
cvRMSVelocity,0.11139679400020631
cvOpeningSpeed,0.22053653080905786
cvClosingSpeed,0.14589802963334272
