MeanAmplitude,0.9805350774913286
StdAmplitude,0.19087824562451458
MeanSpeed,2.9177767626154636
StdSpeed,0.44299338672371985
MeanRMSVelocity,6.843116120403386
StdRMSVelocity,1.0521595363943668
MeanOpeningSpeed,5.711223462377928
stdOpeningSpeed,0.8264227174190164
meanClosingSpeed,6.004835176041218
stdClosingSpeed,1.0638161987140728
meanCycleDuration,0.3345238095238095
stdCycleDuration,0.029184882552693484
rangeCycleDuration,0.06666666666666687
rate,3.134328358208955
amplitudeDecay,1.2388198180947734
velocityDecay,1.2550172262019386
rateDecay,1.007462686567164
cvAmplitude,0.1946674321054084
cvCycleDuration,0.08724306528207305
cvSpeed,0.15182566137329348
cvRMSVelocity,0.1537544472257683
cvOpeningSpeed,0.14470152023694877
cvClosingSpeed,0.1771599332082601
