MeanAmplitude,0.925862600512819
StdAmplitude,0.01786282590443916
MeanSpeed,0.24958238608788347
StdSpeed,0.0777212300105876
MeanRMSVelocity,0.8148540730860145
StdRMSVelocity,0.3356127797934602
MeanOpeningSpeed,0.4719040810511781
stdOpeningSpeed,0.06228012258123228
meanClosingSpeed,0.5706070652811575
stdClosingSpeed,0.27452018225668573
meanCycleDuration,4.083333333333333
stdCycleDuration,1.2
rangeCycleDuration,0.0
rate,0.22304832713754646
amplitudeDecay,0.9621440190029567
velocityDecay,0.41656245209766213
rateDecay,0.5457413249211356
cvAmplitude,0.01929317146469169
cvCycleDuration,0.2938775510204082
cvSpeed,0.31140510846474656
cvRMSVelocity,0.4118685674877071
cvOpeningSpeed,0.1319762322091001
cvClosingSpeed,0.48110196834212055
