MeanAmplitude,0.7331527867283539
StdAmplitude,0.4031668855059989
MeanSpeed,1.6770960989941839
StdSpeed,0.9475494836776981
MeanRMSVelocity,4.184944010488608
StdRMSVelocity,2.355763579720223
MeanOpeningSpeed,3.4053557558306546
stdOpeningSpeed,2.124119203261365
meanClosingSpeed,3.373792406391087
stdClosingSpeed,1.7353329689470227
meanCycleDuration,0.4416666666666666
stdCycleDuration,0.07285286324187734
rangeCycleDuration,2.4666666666666672
rate,1.6633663366336635
amplitudeDecay,1.8722189023387639
velocityDecay,1.8979203127373032
rateDecay,1.7955801104972373
cvAmplitude,0.5499084130950447
cvCycleDuration,0.16494987903821287
cvSpeed,0.5649941492595316
cvRMSVelocity,0.562914001672672
cvOpeningSpeed,0.6237583840174247
cvClosingSpeed,0.5143567712286399
