MeanAmplitude,1.3026388127078612
StdAmplitude,0.2971318087671066
MeanSpeed,4.366692882105429
StdSpeed,1.050667723935242
MeanRMSVelocity,10.423164626717659
StdRMSVelocity,2.050521092879431
MeanOpeningSpeed,8.379870531018963
stdOpeningSpeed,2.422563633468993
meanClosingSpeed,9.258175328771896
stdClosingSpeed,1.7193634719436637
meanCycleDuration,0.30490196078431375
stdCycleDuration,0.07535638764931621
rangeCycleDuration,0.2833333333333332
rate,3.457627118644068
amplitudeDecay,0.9000303421667063
velocityDecay,0.7909113121876873
rateDecay,0.8086021505376344
cvAmplitude,0.22809991984611888
cvCycleDuration,0.24714956720997597
cvSpeed,0.24060948463786988
cvRMSVelocity,0.19672730560384108
cvOpeningSpeed,0.28909320549782025
cvClosingSpeed,0.18571299536749414
