MeanAmplitude,0.866278311654499
StdAmplitude,0.1164964895583288
MeanSpeed,1.3976462640236444
StdSpeed,0.2395995950693788
MeanRMSVelocity,3.834843518150811
StdRMSVelocity,0.6688065656571921
MeanOpeningSpeed,2.388781152242248
stdOpeningSpeed,0.47474506514989484
meanClosingSpeed,3.6832415239217795
stdClosingSpeed,1.2071516260974546
meanCycleDuration,0.6283333333333332
stdCycleDuration,0.07529571332051013
rangeCycleDuration,0.283333333333333
rate,1.4563106796116505
amplitudeDecay,1.062435147716014
velocityDecay,1.0047917588134756
rateDecay,1.02
cvAmplitude,0.13447928684239244
cvCycleDuration,0.11983402650479069
cvSpeed,0.1714307841954246
cvRMSVelocity,0.1744025701418178
cvOpeningSpeed,0.1987394553512245
cvClosingSpeed,0.32774164231622915
