MeanAmplitude,1.4548903211722293
StdAmplitude,0.1899528884108423
MeanSpeed,4.617260176064222
StdSpeed,0.32461732246481123
MeanRMSVelocity,10.92769140879355
StdRMSVelocity,0.6749520908557863
MeanOpeningSpeed,8.695018365410352
stdOpeningSpeed,0.9003095795607152
meanClosingSpeed,9.89145944557809
stdClosingSpeed,0.5569163920655283
meanCycleDuration,0.31666666666666665
stdCycleDuration,0.04872101572973796
rangeCycleDuration,0.1333333333333333
rate,3.3165829145728645
amplitudeDecay,1.1327782477888877
velocityDecay,0.9576729483819189
rateDecay,0.8168316831683169
cvAmplitude,0.1305616551616029
cvCycleDuration,0.1538558391465409
cvSpeed,0.07030518317932798
cvRMSVelocity,0.06176529567010376
cvOpeningSpeed,0.10354314870020705
cvClosingSpeed,0.05630275240267947
