MeanAmplitude,0.5154122556617415
StdAmplitude,0.22134579404036273
MeanSpeed,0.8659984332269477
StdSpeed,0.32413982904362526
MeanRMSVelocity,2.2827584581225855
StdRMSVelocity,0.8597176001980366
MeanOpeningSpeed,1.548745050045519
stdOpeningSpeed,0.5538832041679068
meanClosingSpeed,2.1717626042918443
stdClosingSpeed,1.005694228345563
meanCycleDuration,0.590625
stdCycleDuration,0.11516424714052728
rangeCycleDuration,0.9666666666666672
rate,1.4076246334310851
amplitudeDecay,1.5347393727787009
velocityDecay,1.5534073426683033
rateDecay,1.1986970684039089
cvAmplitude,0.4294538820311427
cvCycleDuration,0.19498708510565468
cvSpeed,0.3742960917790479
cvRMSVelocity,0.37661347705840775
cvOpeningSpeed,0.3576335589589956
cvClosingSpeed,0.4630774221630425
