MeanAmplitude,1.4154609593570033
StdAmplitude,0.25512645178098514
MeanSpeed,3.271639347384886
StdSpeed,0.3502622742878747
MeanRMSVelocity,8.16382788736294
StdRMSVelocity,0.7255733277763582
MeanOpeningSpeed,5.9716491329257515
stdOpeningSpeed,0.9034099569303683
meanClosingSpeed,7.408638922383961
stdClosingSpeed,1.0298005906104393
meanCycleDuration,0.4311111111111111
stdCycleDuration,0.05801234436536273
rangeCycleDuration,0.15000000000000036
rate,2.4064171122994655
amplitudeDecay,1.1947106513155847
velocityDecay,1.1210301701346814
rateDecay,0.9278846153846154
cvAmplitude,0.18024266235988634
cvCycleDuration,0.1345647163114084
cvSpeed,0.10706017292763313
cvRMSVelocity,0.088876607614364
cvOpeningSpeed,0.15128316095285246
cvClosingSpeed,0.13899997035880227
