MeanAmplitude,1.2418850239617096
StdAmplitude,0.11349018345732377
MeanSpeed,4.739140676646343
StdSpeed,0.20081126118604586
MeanRMSVelocity,11.118527064622498
StdRMSVelocity,0.5240979152888778
MeanOpeningSpeed,9.510171566910108
stdOpeningSpeed,0.5560016154850896
meanClosingSpeed,9.50733982097781
stdClosingSpeed,0.7971670394135341
meanCycleDuration,0.26190476190476186
stdCycleDuration,0.019342948582466567
rangeCycleDuration,0.06666666666666654
rate,4.057971014492753
amplitudeDecay,0.9677015217790617
velocityDecay,1.01672066722619
rateDecay,1.0594059405940595
cvAmplitude,0.09138541915521396
cvCycleDuration,0.07385489458759963
cvSpeed,0.042372926842119005
cvRMSVelocity,0.047137351219522554
cvOpeningSpeed,0.05846388906585591
cvClosingSpeed,0.08384753826244817
