MeanAmplitude,1.0000236509362501
StdAmplitude,0.279256133464925
MeanSpeed,2.512717337537984
StdSpeed,0.5962663911745351
MeanRMSVelocity,6.150293318565432
StdRMSVelocity,1.472430125194442
MeanOpeningSpeed,4.636413650984128
stdOpeningSpeed,1.0776299582998268
meanClosingSpeed,5.561499466825521
stdClosingSpeed,1.5501415151402433
meanCycleDuration,0.39513888888888893
stdCycleDuration,0.042349725245803695
rangeCycleDuration,0.8500000000000005
rate,2.3376623376623376
amplitudeDecay,1.3686649591871998
velocityDecay,1.2705273429430306
rateDecay,1.1802120141342756
cvAmplitude,0.2792495289521179
cvCycleDuration,0.10717680905792147
cvSpeed,0.23729942969182918
cvRMSVelocity,0.23940811420322458
cvOpeningSpeed,0.23242748370199634
cvClosingSpeed,0.27872726130549413
