MeanAmplitude,1.6128394492890292
StdAmplitude,0.22304963441534767
MeanSpeed,3.2443878352555813
StdSpeed,0.6553044313072192
MeanRMSVelocity,8.004545497549747
StdRMSVelocity,1.6000930801332882
MeanOpeningSpeed,5.636549690509736
stdOpeningSpeed,1.3569748707952298
meanClosingSpeed,7.735581481732507
stdClosingSpeed,1.4190099378437728
meanCycleDuration,0.5083333333333333
stdCycleDuration,0.0754615428178118
rangeCycleDuration,0.1666666666666663
rate,2.0253164556962022
amplitudeDecay,1.1682064419040878
velocityDecay,1.3834023643313362
rateDecay,1.2037037037037037
cvAmplitude,0.13829624177017263
cvCycleDuration,0.14844893669077733
cvSpeed,0.20198091738178295
cvRMSVelocity,0.19989805550147588
cvOpeningSpeed,0.24074565918933877
cvClosingSpeed,0.18343933693863218
