MeanAmplitude,1.6028470307988303
StdAmplitude,0.16610704650148286
MeanSpeed,3.423817592903574
StdSpeed,0.5436542880189873
MeanRMSVelocity,8.49662101230159
StdRMSVelocity,1.0591538126180515
MeanOpeningSpeed,6.282489454409673
stdOpeningSpeed,1.2574011807348962
meanClosingSpeed,7.728336858400686
stdClosingSpeed,1.1959029991322654
meanCycleDuration,0.47750000000000004
stdCycleDuration,0.07270087115479887
rangeCycleDuration,0.34999999999999876
rate,2.1126760563380285
amplitudeDecay,1.002830254012718
velocityDecay,1.1188470685548186
rateDecay,1.1390977443609023
cvAmplitude,0.10363250098713293
cvCycleDuration,0.15225313330847928
cvSpeed,0.1587859964110823
cvRMSVelocity,0.12465588509650906
cvOpeningSpeed,0.20014377896843544
cvClosingSpeed,0.15474260776202078
