MeanAmplitude,2.1127445272128003
StdAmplitude,0.35653788288882504
MeanSpeed,4.401838864778477
StdSpeed,0.6443666743448695
MeanRMSVelocity,11.049417921925768
StdRMSVelocity,1.12509486165301
MeanOpeningSpeed,7.393090843471437
stdOpeningSpeed,1.5001047560224752
meanClosingSpeed,11.240786313437786
stdClosingSpeed,1.2231530099663812
meanCycleDuration,0.48518518518518516
stdCycleDuration,0.09540182868437969
rangeCycleDuration,0.33333333333333337
rate,2.125984251968504
amplitudeDecay,1.0784540120062918
velocityDecay,0.9505999643868847
rateDecay,0.8062992125984252
cvAmplitude,0.16875579526843273
cvCycleDuration,0.19662972324261463
cvSpeed,0.14638579333305454
cvRMSVelocity,0.10182390326828374
cvOpeningSpeed,0.202906306412718
cvClosingSpeed,0.10881382991011619
