MeanAmplitude,1.4868472072136136
StdAmplitude,0.2665919885417988
MeanSpeed,3.835978701889729
StdSpeed,0.564968051474844
MeanRMSVelocity,9.334913886213748
StdRMSVelocity,1.248961780985504
MeanOpeningSpeed,7.444998215152986
stdOpeningSpeed,1.1959815087457188
meanClosingSpeed,7.9914668431311595
stdClosingSpeed,1.2596678075879
meanCycleDuration,0.38965517241379305
stdCycleDuration,0.05829864208237131
rangeCycleDuration,0.11666666666666625
rate,2.6605504587155964
amplitudeDecay,1.2094486544049343
velocityDecay,1.135290899420486
rateDecay,0.924822695035461
cvAmplitude,0.17930019120216018
cvCycleDuration,0.14961598410520072
cvSpeed,0.14728133167072127
cvRMSVelocity,0.13379467622406577
cvOpeningSpeed,0.16064228280290363
cvClosingSpeed,0.15762660751957094
