MeanAmplitude,1.0729268816137751
StdAmplitude,0.20559817943095127
MeanSpeed,3.230819809358261
StdSpeed,0.4418502672391729
MeanRMSVelocity,7.641425548383682
StdRMSVelocity,1.0458966638100469
MeanOpeningSpeed,6.372325209783677
stdOpeningSpeed,1.0170193684015587
meanClosingSpeed,6.621723649726496
stdClosingSpeed,0.9707249234287013
meanCycleDuration,0.33154761904761904
stdCycleDuration,0.045281151189664165
rangeCycleDuration,0.1499999999999999
rate,3.169811320754717
amplitudeDecay,1.1735695940529542
velocityDecay,0.9739552142703239
rateDecay,0.8122866894197953
cvAmplitude,0.1916236632283029
cvCycleDuration,0.13657510592214686
cvSpeed,0.13676103692299008
cvRMSVelocity,0.1368719301376005
cvOpeningSpeed,0.1595994138591812
cvClosingSpeed,0.14659701533584782
