MeanAmplitude,1.8454126329400795
StdAmplitude,0.05602953910757565
MeanSpeed,3.9338229581297477
StdSpeed,0.6580278618867329
MeanRMSVelocity,10.247788877049135
StdRMSVelocity,1.0500297645571035
MeanOpeningSpeed,6.772723458165894
stdOpeningSpeed,1.6383499636378835
meanClosingSpeed,9.539762182653277
stdClosingSpeed,1.022293490012058
meanCycleDuration,0.48125
stdCycleDuration,0.07543277912596531
rangeCycleDuration,0.23333333333333295
rate,2.1476510067114094
amplitudeDecay,0.9813732804033198
velocityDecay,1.0858929978598724
rateDecay,1.1333333333333333
cvAmplitude,0.030361523546259872
cvCycleDuration,0.156743437144863
cvSpeed,0.16727439665957367
cvRMSVelocity,0.10246403171992952
cvOpeningSpeed,0.24190415772292015
cvClosingSpeed,0.10716131811660416
