MeanAmplitude,0.9124471541261016
StdAmplitude,0.1811312717812556
MeanSpeed,2.1163206719279715
StdSpeed,0.3620341056245565
MeanRMSVelocity,5.309123178416924
StdRMSVelocity,0.8343685873171945
MeanOpeningSpeed,4.136769057177098
stdOpeningSpeed,0.7790560179771253
meanClosingSpeed,4.429396268354922
stdClosingSpeed,0.8572514198960658
meanCycleDuration,0.4325757575757576
stdCycleDuration,0.0562904787523028
rangeCycleDuration,0.11666666666666625
rate,2.2525597269624575
amplitudeDecay,1.1956573235107861
velocityDecay,1.081901918008074
rateDecay,0.9466666666666667
cvAmplitude,0.1985115203244121
cvCycleDuration,0.13012860236959667
cvSpeed,0.17106769802269278
cvRMSVelocity,0.15715751156596572
cvOpeningSpeed,0.188324754708146
cvClosingSpeed,0.19353685422560962
