MeanAmplitude,0.9187932549595079
StdAmplitude,0.3061616817841125
MeanSpeed,2.9489800520997873
StdSpeed,0.7843370710801679
MeanRMSVelocity,6.967975118297972
StdRMSVelocity,1.814666925746843
MeanOpeningSpeed,5.496579663739319
stdOpeningSpeed,1.5726717759125726
meanClosingSpeed,6.443493513348929
stdClosingSpeed,1.6598499271915796
meanCycleDuration,0.3086206896551725
stdCycleDuration,0.05171775184076618
rangeCycleDuration,0.15000000000000002
rate,3.418467583497053
amplitudeDecay,0.7642324868255889
velocityDecay,0.7916116972375318
rateDecay,1.0016260162601627
cvAmplitude,0.3332215165179955
cvCycleDuration,0.16757707300359986
cvSpeed,0.26596893068899863
cvRMSVelocity,0.26042959323742554
cvOpeningSpeed,0.2861182539184168
cvClosingSpeed,0.2576009308852229
