MeanAmplitude,0.8534562367049058
StdAmplitude,0.30627516686605327
MeanSpeed,4.138973200450833
StdSpeed,0.7580255710041762
MeanRMSVelocity,10.091088838316406
StdRMSVelocity,1.657080110316652
MeanOpeningSpeed,8.15777230547305
stdOpeningSpeed,1.3639827256809207
meanClosingSpeed,8.483592313007327
stdClosingSpeed,1.892861955470057
meanCycleDuration,0.2022222222222222
stdCycleDuration,0.042105100714436475
rangeCycleDuration,0.10000000000000009
rate,5.357142857142858
amplitudeDecay,1.1115332089114291
velocityDecay,0.9732610038227111
rateDecay,0.8854166666666667
cvAmplitude,0.35886452485079456
cvCycleDuration,0.20821203649996062
cvSpeed,0.18314338708972774
cvRMSVelocity,0.16421222098695928
cvOpeningSpeed,0.1672003917988523
cvClosingSpeed,0.22312033459786346
