MeanAmplitude,0.948562308322865
StdAmplitude,0.055539901354837995
MeanSpeed,2.0688480000427205
StdSpeed,0.17687851388504008
MeanRMSVelocity,5.146366731915076
StdRMSVelocity,0.4226586788306629
MeanOpeningSpeed,4.266496355081235
stdOpeningSpeed,0.44495194417513584
meanClosingSpeed,4.068981297257948
stdClosingSpeed,0.5237422664167533
meanCycleDuration,0.4611111111111111
stdCycleDuration,0.038086970002228035
rangeCycleDuration,0.09999999999999987
rate,2.236024844720497
amplitudeDecay,0.958835221135321
velocityDecay,1.0471852027399373
rateDecay,1.0769230769230769
cvAmplitude,0.058551663783728704
cvCycleDuration,0.08259824819760297
cvSpeed,0.08549613788996951
cvRMSVelocity,0.08212758647951665
cvOpeningSpeed,0.10428977482781979
cvClosingSpeed,0.12871582053466274
