MeanAmplitude,0.8348265120868481
StdAmplitude,0.25359964081556724
MeanSpeed,2.990652457405709
StdSpeed,0.7193151402193196
MeanRMSVelocity,7.067479783227443
StdRMSVelocity,1.665397409275374
MeanOpeningSpeed,5.839690817111006
stdOpeningSpeed,1.3822237950560095
meanClosingSpeed,6.149037269567632
stdClosingSpeed,1.5490358369941721
meanCycleDuration,0.27586206896551724
stdCycleDuration,0.026833603517077583
rangeCycleDuration,0.0666666666666666
rate,3.849557522123894
amplitudeDecay,1.5172579766121055
velocityDecay,1.4121351906095962
rateDecay,0.9292217327459619
cvAmplitude,0.30377526006167965
cvCycleDuration,0.09727181274940624
cvSpeed,0.24052114060866217
cvRMSVelocity,0.23564233083873806
cvOpeningSpeed,0.23669468784304903
cvClosingSpeed,0.2519151810415181
