MeanAmplitude,0.6409300620112028
StdAmplitude,0.3205166522769987
MeanSpeed,2.125847490360667
StdSpeed,0.9464026044644158
MeanRMSVelocity,5.0625011596556
StdRMSVelocity,2.1957230062106707
MeanOpeningSpeed,4.066634286965587
stdOpeningSpeed,1.8734798660939316
meanClosingSpeed,4.486898947232658
stdClosingSpeed,1.9493964589881698
meanCycleDuration,0.29666666666666663
stdCycleDuration,0.03344425987398314
rangeCycleDuration,0.3833333333333331
rate,3.2967032967032965
amplitudeDecay,2.2333260477089785
velocityDecay,1.9882102411637261
rateDecay,0.778448275862069
cvAmplitude,0.5000805411923344
cvCycleDuration,0.11273346024938138
cvSpeed,0.44518838193037596
cvRMSVelocity,0.4337229636032409
cvOpeningSpeed,0.46069543851012773
cvClosingSpeed,0.43446408798452674
