MeanAmplitude,0.8306645163452304
StdAmplitude,0.17503577674903117
MeanSpeed,1.039589115998981
StdSpeed,0.4406311186473552
MeanRMSVelocity,2.7579797615455286
StdRMSVelocity,0.959016188124343
MeanOpeningSpeed,1.6879857871549304
stdOpeningSpeed,0.6654919187159775
meanClosingSpeed,2.8221930871074195
stdClosingSpeed,1.3961698186691622
meanCycleDuration,0.9
stdCycleDuration,0.3142893217686178
rangeCycleDuration,0.7666666666666666
rate,1.048951048951049
amplitudeDecay,1.4024348836235496
velocityDecay,1.9205143360642387
rateDecay,1.8181818181818181
cvAmplitude,0.21071777270462458
cvCycleDuration,0.3492103575206864
cvSpeed,0.423851223397944
cvRMSVelocity,0.34772415718776895
cvOpeningSpeed,0.3942520865875607
cvClosingSpeed,0.4947109483923205
