MeanAmplitude,1.1466614095995513
StdAmplitude,0.045962580256049206
MeanSpeed,1.474449750371451
StdSpeed,0.18265908881494983
MeanRMSVelocity,4.4564170299304715
StdRMSVelocity,0.4183582798083886
MeanOpeningSpeed,2.4880285411951073
stdOpeningSpeed,0.6088324522698272
meanClosingSpeed,4.011725467092666
stdClosingSpeed,1.1064175628797328
meanCycleDuration,0.7893939393939394
stdCycleDuration,0.0987990326478855
rangeCycleDuration,0.5500000000000005
rate,1.1036789297658864
amplitudeDecay,1.0040094761453837
velocityDecay,1.1396361840208884
rateDecay,1.2222222222222223
cvAmplitude,0.040083829342526425
cvCycleDuration,0.1251580835846534
cvSpeed,0.1238828849670417
cvRMSVelocity,0.09387772216975747
cvOpeningSpeed,0.2447047701379578
cvClosingSpeed,0.2757959316896038
