MeanAmplitude,0.9418478095810418
StdAmplitude,0.44290821685388426
MeanSpeed,2.8077974201098232
StdSpeed,1.282947867642603
MeanRMSVelocity,6.784958819096849
StdRMSVelocity,2.905898672275368
MeanOpeningSpeed,5.4159807649481015
stdOpeningSpeed,2.266600233030444
meanClosingSpeed,5.979704271064861
stdClosingSpeed,2.933610910802008
meanCycleDuration,0.3466666666666666
stdCycleDuration,0.1159501808728406
rangeCycleDuration,0.39999999999999947
rate,2.757352941176471
amplitudeDecay,2.179441144713588
velocityDecay,2.0544318958190972
rateDecay,1.2642140468227425
cvAmplitude,0.47025454892855917
cvCycleDuration,0.33447167559473256
cvSpeed,0.45692323044887695
cvRMSVelocity,0.42828538090702434
cvOpeningSpeed,0.41850226789942513
cvClosingSpeed,0.49059464779845924
