MeanAmplitude,1.707848851059317
StdAmplitude,0.1701558841599575
MeanSpeed,5.507224374046389
StdSpeed,0.420920152676989
MeanRMSVelocity,12.922067832504894
StdRMSVelocity,1.0377747814447986
MeanOpeningSpeed,11.308342721589847
stdOpeningSpeed,1.1580558254337496
meanClosingSpeed,10.778884401202392
stdClosingSpeed,0.8417063645649383
meanCycleDuration,0.30999999999999994
stdCycleDuration,0.018559214542766735
rangeCycleDuration,0.050000000000000044
rate,3.389830508474576
amplitudeDecay,1.1358484808030305
velocityDecay,1.1496607404786259
rateDecay,1.0
cvAmplitude,0.0996316998746206
cvCycleDuration,0.05986843400892496
cvSpeed,0.07643054360752716
cvRMSVelocity,0.08031027192368714
cvOpeningSpeed,0.10240720978705338
cvClosingSpeed,0.07808844897446394
