MeanAmplitude,1.307291916390521
StdAmplitude,0.28753320398196847
MeanSpeed,3.5841881931532953
StdSpeed,0.6119529183830562
MeanRMSVelocity,8.668716945397831
StdRMSVelocity,1.3022170276180975
MeanOpeningSpeed,6.588513143991076
stdOpeningSpeed,1.4204455850911666
meanClosingSpeed,8.01152758346695
stdClosingSpeed,1.0843376754054268
meanCycleDuration,0.36893939393939396
stdCycleDuration,0.08107476511854124
rangeCycleDuration,0.25
rate,2.8025477707006368
amplitudeDecay,1.3616184815922896
velocityDecay,1.1852854617435344
rateDecay,0.8294573643410852
cvAmplitude,0.21994567577213953
cvCycleDuration,0.21975090340138487
cvSpeed,0.17073682669677917
cvRMSVelocity,0.15022027317542497
cvOpeningSpeed,0.21559425534221727
cvClosingSpeed,0.13534718118466302
