MeanAmplitude,1.2660421585057928
StdAmplitude,0.1638796655350734
MeanSpeed,3.413621628431227
StdSpeed,0.41690328854429465
MeanRMSVelocity,8.40351810119705
StdRMSVelocity,0.8936318294634563
MeanOpeningSpeed,6.6147401370188215
stdOpeningSpeed,1.1275653899499067
meanClosingSpeed,7.157823976116151
stdClosingSpeed,0.8218773814737793
meanCycleDuration,0.37559523809523804
stdCycleDuration,0.06306996349122601
rangeCycleDuration,0.20000000000000007
rate,2.7140549273021
amplitudeDecay,0.9451223301776804
velocityDecay,1.054290461458037
rateDecay,1.198581560283688
cvAmplitude,0.1294425027113531
cvCycleDuration,0.16792002958044328
cvSpeed,0.1221293200957037
cvRMSVelocity,0.10634020403147126
cvOpeningSpeed,0.1704625376951068
cvClosingSpeed,0.11482223986174797
