MeanAmplitude,1.3149997679257905
StdAmplitude,0.16495124632491087
MeanSpeed,4.0399546586065425
StdSpeed,0.48107870783198853
MeanRMSVelocity,9.448409842944084
StdRMSVelocity,1.0757453891886972
MeanOpeningSpeed,7.706055181338006
stdOpeningSpeed,0.8885038086754402
meanClosingSpeed,8.52426024439992
stdClosingSpeed,1.169574267173748
meanCycleDuration,0.3256944444444444
stdCycleDuration,0.019825142255028048
rangeCycleDuration,0.050000000000000266
rate,3.2286995515695067
amplitudeDecay,1.1880019848074173
velocityDecay,1.176425263136867
rateDecay,0.9866666666666667
cvAmplitude,0.12543823227063838
cvCycleDuration,0.06087037280861491
cvSpeed,0.11908022452854007
cvRMSVelocity,0.11385464930821625
cvOpeningSpeed,0.11529943502444125
cvClosingSpeed,0.13720536840039685
