MeanAmplitude,0.998279180229908
StdAmplitude,0.17155793035302883
MeanSpeed,2.4219434177710015
StdSpeed,0.6627980295527245
MeanRMSVelocity,5.825001565298174
StdRMSVelocity,1.4837937145540696
MeanOpeningSpeed,4.844909099084689
stdOpeningSpeed,1.4921977346581925
meanClosingSpeed,4.975203766569508
stdClosingSpeed,1.3624494313073379
meanCycleDuration,0.4264705882352941
stdCycleDuration,0.06932419423397525
rangeCycleDuration,0.26666666666666705
rate,2.43436754176611
amplitudeDecay,1.283439500412811
velocityDecay,1.4819029886491084
rateDecay,1.196772191185599
cvAmplitude,0.1718536595279071
cvCycleDuration,0.16255328303139024
cvSpeed,0.2736637134829188
cvRMSVelocity,0.25472846623657797
cvOpeningSpeed,0.30799292703759945
cvClosingSpeed,0.27384796587874655
