MeanAmplitude,1.4327280188027418
StdAmplitude,0.13546751314050431
MeanSpeed,3.8363618443173113
StdSpeed,0.4787668852692617
MeanRMSVelocity,9.09535867146957
StdRMSVelocity,1.0325340944119856
MeanOpeningSpeed,7.374992265843104
stdOpeningSpeed,1.1979699989218542
meanClosingSpeed,8.058472351260276
stdClosingSpeed,0.82762367493577
meanCycleDuration,0.37745098039215685
stdCycleDuration,0.04848730595638525
rangeCycleDuration,0.15000000000000036
rate,2.7642276422764227
amplitudeDecay,0.9631856011897701
velocityDecay,0.9884547116911997
rateDecay,1.045751633986928
cvAmplitude,0.09455214902107355
cvCycleDuration,0.12845987552081287
cvSpeed,0.12479711369730279
cvRMSVelocity,0.11352318602353208
cvOpeningSpeed,0.16243678037063042
cvClosingSpeed,0.10270230371967917
