MeanAmplitude,0.866782961358483
StdAmplitude,0.19702403721276726
MeanSpeed,2.6361142376712827
StdSpeed,0.6597129868639021
MeanRMSVelocity,6.196611073456571
StdRMSVelocity,1.5298648200885328
MeanOpeningSpeed,5.347472097491776
stdOpeningSpeed,1.3804073710224565
meanClosingSpeed,5.234192680116636
stdClosingSpeed,1.327416528593964
meanCycleDuration,0.3316091954022989
stdCycleDuration,0.028143320797000673
rangeCycleDuration,0.1166666666666667
rate,3.169398907103825
amplitudeDecay,1.3982990704665474
velocityDecay,1.4647272362602874
rateDecay,1.0486486486486486
cvAmplitude,0.22730492637277663
cvCycleDuration,0.08486893966513201
cvSpeed,0.25025963497192216
cvRMSVelocity,0.246887339217039
cvOpeningSpeed,0.25814204279250647
cvClosingSpeed,0.25360482689842145
