MeanAmplitude,1.2819852343864675
StdAmplitude,0.2401465162015564
MeanSpeed,2.4367467483734764
StdSpeed,0.5538387625728042
MeanRMSVelocity,6.49278611096982
StdRMSVelocity,1.0182146946769792
MeanOpeningSpeed,5.633783396890304
stdOpeningSpeed,1.6670678904997192
meanClosingSpeed,5.068481471143403
stdClosingSpeed,1.777534151419071
meanCycleDuration,0.5416666666666666
stdCycleDuration,0.12047360245667464
rangeCycleDuration,0.16666666666666652
rate,1.4937759336099585
amplitudeDecay,1.393935071216859
velocityDecay,1.305106446135629
rateDecay,1.1801801801801801
cvAmplitude,0.18732393303771996
cvCycleDuration,0.22241280453539936
cvSpeed,0.22728613999074398
cvRMSVelocity,0.1568224606932092
cvOpeningSpeed,0.2959055705655804
cvClosingSpeed,0.3507034920694059
