MeanAmplitude,1.669923552651984
StdAmplitude,0.29238100392002037
MeanSpeed,4.184985014869492
StdSpeed,0.9263563820856863
MeanRMSVelocity,10.080393381271103
StdRMSVelocity,2.2480287914053734
MeanOpeningSpeed,7.702740188711971
stdOpeningSpeed,2.0322490166658436
meanClosingSpeed,9.274280766365733
stdClosingSpeed,1.73510587306845
meanCycleDuration,0.4066666666666666
stdCycleDuration,0.05066228051190222
rangeCycleDuration,0.1166666666666667
rate,2.515723270440252
amplitudeDecay,1.2306183507245823
velocityDecay,1.3778088166659823
rateDecay,1.1339285714285714
cvAmplitude,0.1750864603686162
cvCycleDuration,0.12457937830795629
cvSpeed,0.22135237731898416
cvRMSVelocity,0.22301002613470475
cvOpeningSpeed,0.26383455327287497
cvClosingSpeed,0.18708791730362695
