MeanAmplitude,1.5935911705438646
StdAmplitude,0.12806099424758113
MeanSpeed,5.135278791542209
StdSpeed,0.36565801406916976
MeanRMSVelocity,12.024189445966192
StdRMSVelocity,0.7563642392372678
MeanOpeningSpeed,9.92069059530424
stdOpeningSpeed,0.8474770193742912
meanClosingSpeed,10.714608434595611
stdClosingSpeed,0.9510281031189662
meanCycleDuration,0.31052631578947365
stdCycleDuration,0.0172786978978879
rangeCycleDuration,0.08333333333333393
rate,3.392857142857143
amplitudeDecay,0.9250914996262016
velocityDecay,0.9651463280562276
rateDecay,1.0442307692307693
cvAmplitude,0.0803600048837345
cvCycleDuration,0.055643264416927136
cvSpeed,0.07120509497389071
cvRMSVelocity,0.06290355309488314
cvOpeningSpeed,0.08542520414611332
cvClosingSpeed,0.08875994945818659
