MeanAmplitude,1.2234599923331004
StdAmplitude,0.1310135340904799
MeanSpeed,2.674550521683895
StdSpeed,0.23343716495942513
MeanRMSVelocity,6.770123381870468
StdRMSVelocity,0.4918626716244645
MeanOpeningSpeed,5.148697138916255
stdOpeningSpeed,0.7364223863605133
meanClosingSpeed,5.724190706897708
stdClosingSpeed,0.8291089818167113
meanCycleDuration,0.4598765432098766
stdCycleDuration,0.05652110193708444
rangeCycleDuration,0.25
rate,2.2375690607734806
amplitudeDecay,1.1679679716914062
velocityDecay,1.0428697040840516
rateDecay,0.8245907738095237
cvAmplitude,0.10708444486250926
cvCycleDuration,0.1229049464940628
cvSpeed,0.08728089563716794
cvRMSVelocity,0.07265195091445606
cvOpeningSpeed,0.14303082245686766
cvClosingSpeed,0.14484300476181317
