MeanAmplitude,1.6009341166737643
StdAmplitude,0.4738518564801753
MeanSpeed,3.874414878296961
StdSpeed,1.0283700382443852
MeanRMSVelocity,9.3545716570219
StdRMSVelocity,2.5140384850460067
MeanOpeningSpeed,7.179845858707913
stdOpeningSpeed,2.0767861044646443
meanClosingSpeed,8.545131726615946
stdClosingSpeed,2.277321112699084
meanCycleDuration,0.412037037037037
stdCycleDuration,0.058743414539118154
rangeCycleDuration,0.20000000000000018
rate,2.5233644859813085
amplitudeDecay,0.8081391625966864
velocityDecay,0.7946353113075411
rateDecay,0.986111111111111
cvAmplitude,0.29598460770183965
cvCycleDuration,0.14256828697134297
cvSpeed,0.26542589540550593
cvRMSVelocity,0.2687497169535147
cvOpeningSpeed,0.28925218526047625
cvClosingSpeed,0.266505091502077
