MeanAmplitude,1.0879201741132347
StdAmplitude,0.09471982436580502
MeanSpeed,3.0579119363285017
StdSpeed,0.21582276344520251
MeanRMSVelocity,7.22498267261076
StdRMSVelocity,0.5261924120326849
MeanOpeningSpeed,5.7447577574028825
stdOpeningSpeed,0.6031243048351145
meanClosingSpeed,6.5972427557086935
stdClosingSpeed,0.5208487569057759
meanCycleDuration,0.3559523809523809
stdCycleDuration,0.02236701693816184
rangeCycleDuration,0.0666666666666671
rate,2.937062937062937
amplitudeDecay,1.06365670240036
velocityDecay,0.9868561706428063
rateDecay,0.9391891891891891
cvAmplitude,0.08706505000976866
cvCycleDuration,0.06283710444165869
cvSpeed,0.07057847575045972
cvRMSVelocity,0.07282957425315795
cvOpeningSpeed,0.10498689941415001
cvClosingSpeed,0.07894946058413231
