MeanAmplitude,1.6718947798038861
StdAmplitude,0.18603638923247978
MeanSpeed,5.317006544271583
StdSpeed,0.6993925163619106
MeanRMSVelocity,12.554007332983046
StdRMSVelocity,1.3653258209426535
MeanOpeningSpeed,10.75397381960084
stdOpeningSpeed,1.427016919623468
meanClosingSpeed,10.550294552249278
stdClosingSpeed,1.5062953044215246
meanCycleDuration,0.3166666666666667
stdCycleDuration,0.027888667551135848
rangeCycleDuration,0.06666666666666682
rate,3.314917127071823
amplitudeDecay,1.0638758219885587
velocityDecay,1.1022654841973132
rateDecay,1.0681818181818183
cvAmplitude,0.11127278551243633
cvCycleDuration,0.08806947647727109
cvSpeed,0.1315387729051076
cvRMSVelocity,0.10875617519798189
cvOpeningSpeed,0.1326967076135615
cvClosingSpeed,0.14277281993993132
