MeanAmplitude,1.0500836160975529
StdAmplitude,0.1358435329316125
MeanSpeed,2.0900026338543176
StdSpeed,0.36620092295702
MeanRMSVelocity,5.627879330483892
StdRMSVelocity,0.5736599810467687
MeanOpeningSpeed,3.3382914929148853
stdOpeningSpeed,0.8986102293754464
meanClosingSpeed,5.95389179648003
stdClosingSpeed,0.855744064865458
meanCycleDuration,0.5199999999999999
stdCycleDuration,0.12600705447623867
rangeCycleDuration,0.43333333333333246
rate,1.9639934533551557
amplitudeDecay,0.8853761024748712
velocityDecay,1.118578309684226
rateDecay,1.4382470119521913
cvAmplitude,0.12936449140731343
cvCycleDuration,0.24232125860815132
cvSpeed,0.1752155318013565
cvRMSVelocity,0.10193181967130854
cvOpeningSpeed,0.2691826736169195
cvClosingSpeed,0.14372852146412504
