MeanAmplitude,1.2729019804654862
StdAmplitude,0.04137355451177679
MeanSpeed,3.1883153731915757
StdSpeed,0.11767566387756927
MeanRMSVelocity,7.56958472216734
StdRMSVelocity,0.24416560244893853
MeanOpeningSpeed,5.882562411863371
stdOpeningSpeed,0.20987724041622052
meanClosingSpeed,6.974438666973636
stdClosingSpeed,0.4109026798527714
meanCycleDuration,0.4
stdCycleDuration,0.0235702260395516
rangeCycleDuration,0.03333333333333344
rate,2.586206896551724
amplitudeDecay,1.014288477253935
velocityDecay,0.9770693891986089
rateDecay,0.9583333333333334
cvAmplitude,0.032503331086535775
cvCycleDuration,0.058925565098879
cvSpeed,0.03690841403802952
cvRMSVelocity,0.03225614236589567
cvOpeningSpeed,0.03567786038155087
cvClosingSpeed,0.05891551986807724
