MeanAmplitude,0.9450244494029353
StdAmplitude,0.21302959208164077
MeanSpeed,2.3427504686280574
StdSpeed,0.5731172368103729
MeanRMSVelocity,5.81730306983618
StdRMSVelocity,1.2130712148559493
MeanOpeningSpeed,4.452402282617127
stdOpeningSpeed,1.0566682780183216
meanClosingSpeed,5.127451808974989
stdClosingSpeed,1.3324144578951491
meanCycleDuration,0.42598039215686273
stdCycleDuration,0.1421813704364697
rangeCycleDuration,0.5666666666666664
rate,2.328767123287671
amplitudeDecay,1.1166405195234237
velocityDecay,1.186376667213277
rateDecay,1.2898172323759791
cvAmplitude,0.22542230755641557
cvCycleDuration,0.33377444843544096
cvSpeed,0.24463434944738147
cvRMSVelocity,0.20852811006975958
cvOpeningSpeed,0.2373254281500392
cvClosingSpeed,0.2598589918608143
